{
  "script": "NCC_channel_sampling_r.py",
  "params": {
    "N": 2,
    "J": 1.0,
    "h": 1.0,
    "T": 0.2,
    "epsilon": 0.1,
    "trials": 2,
    "repeats": 1,
    "base_seed": 7,
    "r_max": 4,
    "s0": 4,
    "q0": 4,
    "max_dense_qubits": 3
  },
  "sampled_r_mins": [
    3
  ],
  "expected_r_mins": [
    1
  ],
  "sample_errors": [
    0.047812739636107784
  ],
  "expectation_biases": [
    9.992008950283601e-16
  ],
  "sample_fluctuations": [
    0.047812739636107965
  ],
  "ci_low_history": [
    3.0
  ],
  "ci_high_history": [
    3.0
  ],
  "searches": [
    {
      "repetition": 0,
      "r": 1,
      "sample_error": 0.4404285520248323,
      "sample_fluctuation": 0.44042855202483244,
      "expectation_bias": 3.345418587213789e-16,
      "eta_pair_sum": 0.30933333333333335,
      "pair_scale": 1.1759032462088215,
      "raw_total": 1.350836579542155,
      "seed": 1016
    },
    {
      "repetition": 0,
      "r": 2,
      "sample_error": 0.7545983828084576,
      "sample_fluctuation": 0.7545983828084573,
      "expectation_bias": 4.441998464865502e-16,
      "eta_pair_sum": 0.05866666666666667,
      "pair_scale": 1.006860025580076,
      "raw_total": 1.0177933589134092,
      "seed": 2025
    },
    {
      "repetition": 0,
      "r": 4,
      "sample_error": 0.0056946116201639025,
      "sample_fluctuation": 0.00569461162016451,
      "expectation_bias": 1.221381951975268e-15,
      "eta_pair_sum": 0.012333333333333335,
      "pair_scale": 1.0003041759607147,
      "raw_total": 1.0009875092940481,
      "seed": 4043
    },
    {
      "repetition": 0,
      "r": 3,
      "sample_error": 0.047812739636107784,
      "sample_fluctuation": 0.047812739636107965,
      "expectation_bias": 9.992008950283601e-16,
      "eta_pair_sum": 0.02330864197530864,
      "pair_scale": 1.0010859958879321,
      "raw_total": 1.003245666669825,
      "seed": 3034
    }
  ]
}