{
  "script": "NCC_operator_find_r_min.py",
  "mode": "original",
  "params": {
    "N": 2,
    "J": 1.0,
    "h": 1.0,
    "T": 0.2,
    "epsilon": 0.1,
    "trials": 2,
    "repeats": 1,
    "base_seed": 7,
    "r_max": 8,
    "q0": null,
    "s0": null
  },
  "sampled_r_mins": [
    2
  ],
  "expected_r_mins": [
    1
  ],
  "sample_errors": [
    0.06603554814416647
  ],
  "expectation_biases": [
    0.007242377358110045
  ],
  "sample_fluctuations": [
    0.0708293022227305
  ],
  "ci_low_history": [
    2.0
  ],
  "ci_high_history": [
    2.0
  ],
  "searches": [
    {
      "repetition": 0,
      "r": 1,
      "sample_error": 0.2323650224298993,
      "sample_fluctuation": 0.197837194570575,
      "expectation_bias": 0.06072846306827298,
      "seed": 1016
    },
    {
      "repetition": 0,
      "r": 2,
      "sample_error": 0.06603554814416647,
      "sample_fluctuation": 0.0708293022227305,
      "expectation_bias": 0.007242377358110045,
      "seed": 2025
    }
  ]
}