{
  "script": "NCC_log_sampling_r.py",
  "params": {
    "N": 4,
    "J": 1.0,
    "h": 1.0,
    "Heisenberg": true,
    "T": 0.2,
    "epsilon": 0.1,
    "trials": 1000,
    "repeats": 10,
    "base_seed": 7,
    "r_max": 1024,
    "sampling": "weighted",
    "s0": 4,
    "q0": 5
  },
  "sampled_r_mins": [
    2,
    2,
    2,
    2,
    2,
    2,
    2,
    2,
    2,
    2
  ],
  "expected_r_mins": [
    2,
    2,
    2,
    2,
    2,
    2,
    2,
    2,
    2,
    2
  ],
  "sample_errors": [
    0.04715696599776408,
    0.06751504600487679,
    0.05931119239280964,
    0.056070937200952894,
    0.059681591766111756,
    0.04257326987096706,
    0.050932329987605295,
    0.06430229036466008,
    0.05115205539231149,
    0.04887771840100942
  ],
  "expectation_biases": [
    0.010683097599941791,
    0.010683097599941791,
    0.010683097599941791,
    0.010683097599941791,
    0.010683097599941791,
    0.010683097599941791,
    0.010683097599941791,
    0.010683097599941791,
    0.010683097599941791,
    0.010683097599941791
  ],
  "sample_fluctuations": [
    0.04669033067493506,
    0.06757676816872064,
    0.059272676325747384,
    0.05632022330153703,
    0.05942524832079416,
    0.04348844474355026,
    0.05017891551695674,
    0.06443311057002726,
    0.04871916267019559,
    0.04904793613772082
  ],
  "ci_low_history": [
    2.0,
    2.0,
    2.0,
    2.0,
    2.0,
    2.0,
    2.0,
    2.0,
    2.0,
    2.0
  ],
  "ci_high_history": [
    2.0,
    2.0,
    2.0,
    2.0,
    2.0,
    2.0,
    2.0,
    2.0,
    2.0,
    2.0
  ],
  "searches": [
    {
      "repetition": 0,
      "r": 1,
      "sample_error": 0.2379661693618391,
      "sample_fluctuation": 0.21518983858120258,
      "expectation_bias": 0.17128910015273843,
      "eta_pair_sum": 2.6880000000000006,
      "pair_scale": 2.8679860529646937,
      "raw_total": 3.9090527196313607,
      "seed": 1016
    },
    {
      "repetition": 0,
      "r": 2,
      "sample_error": 0.04715696599776408,
      "sample_fluctuation": 0.04669033067493506,
      "expectation_bias": 0.010683097599941791,
      "eta_pair_sum": 0.4960000000000001,
      "pair_scale": 1.1162508678608047,
      "raw_total": 1.1813175345274713,
      "seed": 2025
    },
    {
      "repetition": 1,
      "r": 1,
      "sample_error": 0.29746800903661225,
      "sample_fluctuation": 0.22212064676217982,
      "expectation_bias": 0.17128910015273843,
      "eta_pair_sum": 2.6880000000000006,
      "pair_scale": 2.8679860529646937,
      "raw_total": 3.9090527196313607,
      "seed": 101019
    },
    {
      "repetition": 1,
      "r": 2,
      "sample_error": 0.06751504600487679,
      "sample_fluctuation": 0.06757676816872064,
      "expectation_bias": 0.010683097599941791,
      "eta_pair_sum": 0.4960000000000001,
      "pair_scale": 1.1162508678608047,
      "raw_total": 1.1813175345274713,
      "seed": 102028
    },
    {
      "repetition": 2,
      "r": 1,
      "sample_error": 0.229409959695139,
      "sample_fluctuation": 0.21640400300520848,
      "expectation_bias": 0.17128910015273843,
      "eta_pair_sum": 2.6880000000000006,
      "pair_scale": 2.8679860529646937,
      "raw_total": 3.9090527196313607,
      "seed": 201022
    },
    {
      "repetition": 2,
      "r": 2,
      "sample_error": 0.05931119239280964,
      "sample_fluctuation": 0.059272676325747384,
      "expectation_bias": 0.010683097599941791,
      "eta_pair_sum": 0.4960000000000001,
      "pair_scale": 1.1162508678608047,
      "raw_total": 1.1813175345274713,
      "seed": 202031
    },
    {
      "repetition": 3,
      "r": 1,
      "sample_error": 0.2659013317964431,
      "sample_fluctuation": 0.2237837839287454,
      "expectation_bias": 0.17128910015273843,
      "eta_pair_sum": 2.6880000000000006,
      "pair_scale": 2.8679860529646937,
      "raw_total": 3.9090527196313607,
      "seed": 301025
    },
    {
      "repetition": 3,
      "r": 2,
      "sample_error": 0.056070937200952894,
      "sample_fluctuation": 0.05632022330153703,
      "expectation_bias": 0.010683097599941791,
      "eta_pair_sum": 0.4960000000000001,
      "pair_scale": 1.1162508678608047,
      "raw_total": 1.1813175345274713,
      "seed": 302034
    },
    {
      "repetition": 4,
      "r": 1,
      "sample_error": 0.25011410213953716,
      "sample_fluctuation": 0.24274229747420056,
      "expectation_bias": 0.17128910015273843,
      "eta_pair_sum": 2.6880000000000006,
      "pair_scale": 2.8679860529646937,
      "raw_total": 3.9090527196313607,
      "seed": 401028
    },
    {
      "repetition": 4,
      "r": 2,
      "sample_error": 0.059681591766111756,
      "sample_fluctuation": 0.05942524832079416,
      "expectation_bias": 0.010683097599941791,
      "eta_pair_sum": 0.4960000000000001,
      "pair_scale": 1.1162508678608047,
      "raw_total": 1.1813175345274713,
      "seed": 402037
    },
    {
      "repetition": 5,
      "r": 1,
      "sample_error": 0.2148914612335358,
      "sample_fluctuation": 0.19504546567349773,
      "expectation_bias": 0.17128910015273843,
      "eta_pair_sum": 2.6880000000000006,
      "pair_scale": 2.8679860529646937,
      "raw_total": 3.9090527196313607,
      "seed": 501031
    },
    {
      "repetition": 5,
      "r": 2,
      "sample_error": 0.04257326987096706,
      "sample_fluctuation": 0.04348844474355026,
      "expectation_bias": 0.010683097599941791,
      "eta_pair_sum": 0.4960000000000001,
      "pair_scale": 1.1162508678608047,
      "raw_total": 1.1813175345274713,
      "seed": 502040
    },
    {
      "repetition": 6,
      "r": 1,
      "sample_error": 0.2815086542906072,
      "sample_fluctuation": 0.22834989628563274,
      "expectation_bias": 0.17128910015273843,
      "eta_pair_sum": 2.6880000000000006,
      "pair_scale": 2.8679860529646937,
      "raw_total": 3.9090527196313607,
      "seed": 601034
    },
    {
      "repetition": 6,
      "r": 2,
      "sample_error": 0.050932329987605295,
      "sample_fluctuation": 0.05017891551695674,
      "expectation_bias": 0.010683097599941791,
      "eta_pair_sum": 0.4960000000000001,
      "pair_scale": 1.1162508678608047,
      "raw_total": 1.1813175345274713,
      "seed": 602043
    },
    {
      "repetition": 7,
      "r": 1,
      "sample_error": 0.25215158102839147,
      "sample_fluctuation": 0.20587895358547043,
      "expectation_bias": 0.17128910015273843,
      "eta_pair_sum": 2.6880000000000006,
      "pair_scale": 2.8679860529646937,
      "raw_total": 3.9090527196313607,
      "seed": 701037
    },
    {
      "repetition": 7,
      "r": 2,
      "sample_error": 0.06430229036466008,
      "sample_fluctuation": 0.06443311057002726,
      "expectation_bias": 0.010683097599941791,
      "eta_pair_sum": 0.4960000000000001,
      "pair_scale": 1.1162508678608047,
      "raw_total": 1.1813175345274713,
      "seed": 702046
    },
    {
      "repetition": 8,
      "r": 1,
      "sample_error": 0.25172495819578355,
      "sample_fluctuation": 0.22329505210361864,
      "expectation_bias": 0.17128910015273843,
      "eta_pair_sum": 2.6880000000000006,
      "pair_scale": 2.8679860529646937,
      "raw_total": 3.9090527196313607,
      "seed": 801040
    },
    {
      "repetition": 8,
      "r": 2,
      "sample_error": 0.05115205539231149,
      "sample_fluctuation": 0.04871916267019559,
      "expectation_bias": 0.010683097599941791,
      "eta_pair_sum": 0.4960000000000001,
      "pair_scale": 1.1162508678608047,
      "raw_total": 1.1813175345274713,
      "seed": 802049
    },
    {
      "repetition": 9,
      "r": 1,
      "sample_error": 0.26915432618021934,
      "sample_fluctuation": 0.22635761869222853,
      "expectation_bias": 0.17128910015273843,
      "eta_pair_sum": 2.6880000000000006,
      "pair_scale": 2.8679860529646937,
      "raw_total": 3.9090527196313607,
      "seed": 901043
    },
    {
      "repetition": 9,
      "r": 2,
      "sample_error": 0.04887771840100942,