{
  "script": "NCC_log_sampling_r.py",
  "params": {
    "N": 4,
    "J": 1.0,
    "h": 1.0,
    "Heisenberg": true,
    "T": 0.4,
    "epsilon": 0.1,
    "trials": 1000,
    "repeats": 10,
    "base_seed": 7,
    "r_max": 1024,
    "sampling": "weighted",
    "s0": 4,
    "q0": 5
  },
  "sampled_r_mins": [
    4,
    5,
    4,
    4,
    4,
    4,
    4,
    4,
    4,
    4
  ],
  "expected_r_mins": [
    3,
    3,
    3,
    3,
    3,
    3,
    3,
    3,
    3,
    3
  ],
  "sample_errors": [
    0.0890734977990127,
    0.054605297757435396,
    0.08768269351133502,
    0.09475004909803172,
    0.09815901852913585,
    0.09641963019475681,
    0.08348651407944226,
    0.09539971071477817,
    0.08336015020535686,
    0.08312822697060494
  ],
  "expectation_biases": [
    0.0178820578755297,
    0.007202912781263471,
    0.0178820578755297,
    0.0178820578755297,
    0.0178820578755297,
    0.0178820578755297,
    0.0178820578755297,
    0.0178820578755297,
    0.0178820578755297,
    0.0178820578755297
  ],
  "sample_fluctuations": [
    0.08459572688262255,
    0.05490608655673526,
    0.08715066854185233,
    0.09661225579599612,
    0.09885105655967275,
    0.09641221642543209,
    0.08279004309889389,
    0.09494835213055657,
    0.08283511781432014,
    0.08534666944269224
  ],
  "ci_low_history": [
    4.0,
    3.52,
    3.6799999999999997,
    3.76,
    3.8080000000000003,
    3.8400000000000003,
    3.862857142857143,
    3.88,
    3.893333333333333,
    3.9039999999999995
  ],
  "ci_high_history": [
    4.0,
    5.4799999999999995,
    4.986666666666666,
    4.74,
    4.5920000000000005,
    4.493333333333334,
    4.4228571428571435,
    4.37,
    4.328888888888889,
    4.295999999999999
  ],
  "searches": [
    {
      "repetition": 0,
      "r": 1,
      "sample_error": 4.846412145455275,
      "sample_fluctuation": 1.6350599541188697,
      "expectation_bias": 4.5880513851207745,
      "eta_pair_sum": 16.384000000000004,
      "pair_scale": 16.414489209232194,
      "raw_total": 33.071555875898866,
      "seed": 1016
    },
    {
      "repetition": 0,
      "r": 2,
      "sample_error": 0.958500416285937,
      "sample_fluctuation": 0.9021659850298879,
      "expectation_bias": 0.31294996279142273,
      "eta_pair_sum": 2.6880000000000006,
      "pair_scale": 2.8679860529646937,
      "raw_total": 3.9090527196313607,
      "seed": 2025
    },
    {
      "repetition": 0,
      "r": 4,
      "sample_error": 0.0890734977990127,
      "sample_fluctuation": 0.08459572688262255,
      "expectation_bias": 0.0178820578755297,
      "eta_pair_sum": 0.4960000000000001,
      "pair_scale": 1.1162508678608047,
      "raw_total": 1.1813175345274713,
      "seed": 4043
    },
    {
      "repetition": 0,
      "r": 3,
      "sample_error": 0.23591955136372775,
      "sample_fluctuation": 0.2369211632721311,
      "expectation_bias": 0.05821585087346774,
      "eta_pair_sum": 0.9860740740740741,
      "pair_scale": 1.4044009682284624,
      "raw_total": 1.610043766582372,
      "seed": 3034
    },
    {
      "repetition": 1,
      "r": 1,
      "sample_error": 5.705470650040673,
      "sample_fluctuation": 2.2986461366737845,
      "expectation_bias": 4.5880513851207745,
      "eta_pair_sum": 16.384000000000004,
      "pair_scale": 16.414489209232194,
      "raw_total": 33.071555875898866,
      "seed": 101019
    },
    {
      "repetition": 1,
      "r": 2,
      "sample_error": 1.028627485744607,
      "sample_fluctuation": 0.9683101755366968,
      "expectation_bias": 0.31294996279142273,
      "eta_pair_sum": 2.6880000000000006,
      "pair_scale": 2.8679860529646937,
      "raw_total": 3.9090527196313607,
      "seed": 102028
    },
    {
      "repetition": 1,
      "r": 4,
      "sample_error": 0.10141926183517534,
      "sample_fluctuation": 0.10113792351088349,
      "expectation_bias": 0.0178820578755297,
      "eta_pair_sum": 0.4960000000000001,
      "pair_scale": 1.1162508678608047,
      "raw_total": 1.1813175345274713,
      "seed": 104046
    },
    {
      "repetition": 1,
      "r": 8,
      "sample_error": 0.02216024056167341,
      "sample_fluctuation": 0.022139708610570068,
      "expectation_bias": 0.0010763909700176545,
      "eta_pair_sum": 0.10200000000000002,
      "pair_scale": 1.0051885395287792,
      "raw_total": 1.0092552061954458,
      "seed": 108082
    },
    {
      "repetition": 1,
      "r": 6,
      "sample_error": 0.04125417684004251,
      "sample_fluctuation": 0.041297785657306824,
      "expectation_bias": 0.0034387956653274734,
      "eta_pair_sum": 0.19437037037037036,
      "pair_scale": 1.0187147985957183,
      "raw_total": 1.0315674734928377,
      "seed": 106064
    },
    {
      "repetition": 1,
      "r": 5,
      "sample_error": 0.054605297757435396,
      "sample_fluctuation": 0.05490608655673526,
      "expectation_bias": 0.007202912781263471,
      "eta_pair_sum": 0.294912,
      "pair_scale": 1.04258001503194,
      "raw_total": 1.0692313216986067,
      "seed": 105055
    },
    {
      "repetition": 2,
      "r": 1,
      "sample_error": 5.0130709762914405,
      "sample_fluctuation": 1.947018138398278,
      "expectation_bias": 4.5880513851207745,
      "eta_pair_sum": 16.384000000000004,
      "pair_scale": 16.414489209232194,
      "raw_total": 33.071555875898866,
      "seed": 201022
    },
    {
      "repetition": 2,
      "r": 2,
      "sample_error": 0.9916437466334654,
      "sample_fluctuation": 0.9849975073885424,
      "expectation_bias": 0.31294996279142273,
      "eta_pair_sum": 2.6880000000000006,
      "pair_scale": 2.8679860529646937,
      "raw_total": 3.9090527196313607,
      "seed": 202031
    },
    {
      "repetition": 2,
      "r": 4,
      "sample_error": 0.08768269351133502,
      "sample_fluctuation": 0.08715066854185233,
      "expectation_bias": 0.0178820578755297,
      "eta_pair_sum": 0.4960000000000001,
      "pair_scale": 1.1162508678608047,
      "raw_total": 1.1813175345274713,
      "seed": 204049
    },
    {
      "repetition": 2,
      "r": 3,
      "sample_error": 0.28214002618499145,
      "sample_fluctuation": 0.2668633039458024,
      "expectation_bias": 0.05821585087346774,
      "eta_pair_sum": 0.9860740740740741,
      "pair_scale": 1.4044009682284624,
      "raw_total": 1.610043766582372,
      "seed": 203040
    },
    {
      "repetition": 3,
      "r": 1,
      "sample_error": 4.869405537495451,
      "sample_fluctuation": 1.7144384364788756,
      "expectation_bias": 4.5880513851207745,
      "eta_pair_sum": 16.384000000000004,
      "pair_scale": 16.414489209232194,
      "raw_total": 33.071555875898866,
      "seed": 301025
    },
    {
      "repetition": 3,
      "r": 2,
      "sample_error": 0.8736702184902639,
      "sample_fluctuation": 0.8457246237972259,
      "expectation_bias": 0.31294996279142273,
      "eta_pair_sum": 2.6880000000000006,
      "pair_scale": 2.8679860529646937,
      "raw_total": 3.9090527196313607,
      "seed": 302034
    },
    {
      "repetition": 3,
      "r": 4,
      "sample_error": 0.09475004909803172,
      "sample_fluctuation": 0.09661225579599612,
      "expectation_bias": 0.0178820578755297,
      "eta_pair_sum": 0.4960000000000001,
      "pair_scale": 1.1162508678608047,
      "raw_total": 1.1813175345274713,
      "seed": 304052
    },
    {
      "repetition": 3,
      "r": 3,
      "sample_error": 0.22340267998576974,
      "sample_fluctuation": 0.2228599575016805,
      "expectation_bias": 0.05821585087346774,
      "eta_pair_sum": 0.9860740740740741,
      "pair_scale": 1.4044009682284624,
      "raw_total": 1.610043766582372,
      "seed": 303043
    },
    {
      "repetition": 4,
      "r": 1,
      "sample_error": 5.192036252143866,
      "sample_fluctuation": 1.9413683192503455,
      "expectation_bias": 4.5880513851207745,
      "eta_pair_sum": 16.384000000000004,
      "pair_scale": 16.414489209232194,
      "raw_total": 33.071555875898866,