{
  "script": "NCC_log_sampling_r.py",
  "params": {
    "N": 4,
    "J": 1.0,
    "h": 1.0,
    "Heisenberg": true,
    "T": 0.2,
    "epsilon": 0.04,
    "trials": 1000,
    "repeats": 10,
    "base_seed": 7,
    "r_max": 1024,
    "sampling": "weighted",
    "s0": 5,
    "q0": 6
  },
  "sampled_r_mins": [
    3,
    3,
    3,
    3,
    3,
    3,
    3,
    3,
    3,
    3
  ],
  "expected_r_mins": [
    2,
    2,
    2,
    2,
    2,
    2,
    2,
    2,
    2,
    2
  ],
  "sample_errors": [
    0.022122956625593652,
    0.025866134323358367,
    0.024175038232963908,
    0.024963827438927385,
    0.03035465453359494,
    0.02492193799596509,
    0.022375416692814253,
    0.02395395773505102,
    0.021216201795669177,
    0.0252139151886009
  ],
  "expectation_biases": [
    0.00030032985082947594,
    0.00030032985082947594,
    0.00030032985082947594,
    0.00030032985082947594,
    0.00030032985082947594,
    0.00030032985082947594,
    0.00030032985082947594,
    0.00030032985082947594,
    0.00030032985082947594,
    0.00030032985082947594
  ],
  "sample_fluctuations": [
    0.02211025521013417,
    0.025873227578461798,
    0.02417364715491314,
    0.024986509359126566,
    0.030355537814149697,
    0.024947230906380655,
    0.022354239271568953,
    0.02395171797563256,
    0.021214269445331637,
    0.02517138799500242
  ],
  "ci_low_history": [
    3.0,
    3.0,
    3.0,
    3.0,
    3.0,
    3.0,
    3.0,
    3.0,
    3.0,
    3.0
  ],
  "ci_high_history": [
    3.0,
    3.0,
    3.0,
    3.0,
    3.0,
    3.0,
    3.0,
    3.0,
    3.0,
    3.0
  ],
  "searches": [
    {
      "repetition": 0,
      "r": 1,
      "sample_error": 0.24743248935562795,
      "sample_fluctuation": 0.24760394093212604,
      "expectation_bias": 0.07454070099909353,
      "eta_pair_sum": 2.6880000000000006,
      "pair_scale": 2.8679860529646937,
      "raw_total": 4.398866052964694,
      "seed": 1016
    },
    {
      "repetition": 0,
      "r": 2,
      "sample_error": 0.04445064793346815,
      "sample_fluctuation": 0.04442506521912474,
      "expectation_bias": 0.0022981203936705582,
      "eta_pair_sum": 0.4960000000000001,
      "pair_scale": 1.1162508678608047,
      "raw_total": 1.196624201194138,
      "seed": 2025
    },
    {
      "repetition": 0,
      "r": 4,
      "sample_error": 0.014245659033245865,
      "sample_fluctuation": 0.014251870043021161,
      "expectation_bias": 7.103659502845372e-05,
      "eta_pair_sum": 0.10200000000000002,
      "pair_scale": 1.0051885395287792,
      "raw_total": 1.0097335395287792,
      "seed": 4043
    },
    {
      "repetition": 0,
      "r": 3,
      "sample_error": 0.022122956625593652,
      "sample_fluctuation": 0.02211025521013417,
      "expectation_bias": 0.00030032985082947594,
      "eta_pair_sum": 0.19437037037037036,
      "pair_scale": 1.0187147985957183,
      "raw_total": 1.0335831662226045,
      "seed": 3034
    },
    {
      "repetition": 1,
      "r": 1,
      "sample_error": 0.30111375115474115,
      "sample_fluctuation": 0.2740020242310927,
      "expectation_bias": 0.07454070099909353,
      "eta_pair_sum": 2.6880000000000006,
      "pair_scale": 2.8679860529646937,
      "raw_total": 4.398866052964694,
      "seed": 101019
    },
    {
      "repetition": 1,
      "r": 2,
      "sample_error": 0.07126918824163198,
      "sample_fluctuation": 0.07123888319853727,
      "expectation_bias": 0.0022981203936705582,
      "eta_pair_sum": 0.4960000000000001,
      "pair_scale": 1.1162508678608047,
      "raw_total": 1.196624201194138,
      "seed": 102028
    },
    {
      "repetition": 1,
      "r": 4,
      "sample_error": 0.013195964829747338,
      "sample_fluctuation": 0.013182748759285283,
      "expectation_bias": 7.103659502845372e-05,
      "eta_pair_sum": 0.10200000000000002,
      "pair_scale": 1.0051885395287792,
      "raw_total": 1.0097335395287792,
      "seed": 104046
    },
    {
      "repetition": 1,
      "r": 3,
      "sample_error": 0.025866134323358367,
      "sample_fluctuation": 0.025873227578461798,
      "expectation_bias": 0.00030032985082947594,
      "eta_pair_sum": 0.19437037037037036,
      "pair_scale": 1.0187147985957183,
      "raw_total": 1.0335831662226045,
      "seed": 103037
    },
    {
      "repetition": 2,
      "r": 1,
      "sample_error": 0.25040487456505944,
      "sample_fluctuation": 0.2516373041126677,
      "expectation_bias": 0.07454070099909353,
      "eta_pair_sum": 2.6880000000000006,
      "pair_scale": 2.8679860529646937,
      "raw_total": 4.398866052964694,
      "seed": 201022
    },
    {
      "repetition": 2,
      "r": 2,
      "sample_error": 0.059647341459459526,
      "sample_fluctuation": 0.05963667819292055,
      "expectation_bias": 0.0022981203936705582,
      "eta_pair_sum": 0.4960000000000001,
      "pair_scale": 1.1162508678608047,
      "raw_total": 1.196624201194138,
      "seed": 202031
    },
    {
      "repetition": 2,
      "r": 4,
      "sample_error": 0.011770548964953933,
      "sample_fluctuation": 0.011771673135975182,
      "expectation_bias": 7.103659502845372e-05,
      "eta_pair_sum": 0.10200000000000002,
      "pair_scale": 1.0051885395287792,
      "raw_total": 1.0097335395287792,
      "seed": 204049
    },
    {
      "repetition": 2,
      "r": 3,
      "sample_error": 0.024175038232963908,
      "sample_fluctuation": 0.02417364715491314,
      "expectation_bias": 0.00030032985082947594,
      "eta_pair_sum": 0.19437037037037036,
      "pair_scale": 1.0187147985957183,
      "raw_total": 1.0335831662226045,
      "seed": 203040
    },
    {
      "repetition": 3,
      "r": 1,
      "sample_error": 0.24587193693801393,
      "sample_fluctuation": 0.2567654302366844,
      "expectation_bias": 0.07454070099909353,
      "eta_pair_sum": 2.6880000000000006,
      "pair_scale": 2.8679860529646937,
      "raw_total": 4.398866052964694,
      "seed": 301025
    },
    {
      "repetition": 3,
      "r": 2,
      "sample_error": 0.05887871829743684,
      "sample_fluctuation": 0.05949935660970602,
      "expectation_bias": 0.0022981203936705582,
      "eta_pair_sum": 0.4960000000000001,
      "pair_scale": 1.1162508678608047,
      "raw_total": 1.196624201194138,
      "seed": 302034
    },
    {
      "repetition": 3,
      "r": 4,
      "sample_error": 0.012014631465303837,
      "sample_fluctuation": 0.012035090727500135,
      "expectation_bias": 7.103659502845372e-05,
      "eta_pair_sum": 0.10200000000000002,
      "pair_scale": 1.0051885395287792,
      "raw_total": 1.0097335395287792,
      "seed": 304052
    },
    {
      "repetition": 3,
      "r": 3,
      "sample_error": 0.024963827438927385,
      "sample_fluctuation": 0.024986509359126566,
      "expectation_bias": 0.00030032985082947594,
      "eta_pair_sum": 0.19437037037037036,
      "pair_scale": 1.0187147985957183,
      "raw_total": 1.0335831662226045,
      "seed": 303043
    },
    {
      "repetition": 4,
      "r": 1,
      "sample_error": 0.23436806701948368,
      "sample_fluctuation": 0.22606208224377453,
      "expectation_bias": 0.07454070099909353,
      "eta_pair_sum": 2.6880000000000006,
      "pair_scale": 2.8679860529646937,
      "raw_total": 4.398866052964694,
      "seed": 401028
    },
    {
      "repetition": 4,
      "r": 2,
      "sample_error": 0.06818691769446812,
      "sample_fluctuation": 0.0682418933430686,
      "expectation_bias": 0.0022981203936705582,
      "eta_pair_sum": 0.4960000000000001,
      "pair_scale": 1.1162508678608047,
      "raw_total": 1.196624201194138,
      "seed": 402037
    },
    {
      "repetition": 4,
      "r": 4,
      "sample_error": 0.01502313051080591,
      "sample_fluctuation": 0.015023708324460585,
      "expectation_bias": 7.103659502845372e-05,
      "eta_pair_sum": 0.10200000000000002,
      "pair_scale": 1.0051885395287792,
      "raw_total": 1.0097335395287792,
      "seed": 404055
    },
    {
      "repetition": 4,
      "r": 3,