{
  "script": "NCC_log_sampling_r.py",
  "params": {
    "N": 4,
    "J": 1.0,
    "h": 1.0,
    "Heisenberg": true,
    "T": 0.2,
    "epsilon": 0.02,
    "trials": 1000,
    "repeats": 10,
    "base_seed": 7,
    "r_max": 1024,
    "sampling": "weighted",
    "s0": 6,
    "q0": 6
  },
  "sampled_r_mins": [
    4,
    4,
    4,
    4,
    4,
    4,
    4,
    4,
    4,
    4
  ],
  "expected_r_mins": [
    2,
    2,
    2,
    2,
    2,
    2,
    2,
    2,
    2,
    2
  ],
  "sample_errors": [
    0.013611955336238902,
    0.012964877299665821,
    0.011844465675665935,
    0.012108376634428894,
    0.0150879157708704,
    0.01859441080993144,
    0.013678547323123116,
    0.01334032765219876,
    0.015017471181879417,
    0.012934932202514406
  ],
  "expectation_biases": [
    6.6778607956639445e-06,
    6.6778607956639445e-06,
    6.6778607956639445e-06,
    6.6778607956639445e-06,
    6.6778607956639445e-06,
    6.6778607956639445e-06,
    6.6778607956639445e-06,
    6.6778607956639445e-06,
    6.6778607956639445e-06,
    6.6778607956639445e-06
  ],
  "sample_fluctuations": [
    0.0136115269462109,
    0.012965454523636072,
    0.011844420980736438,
    0.012107583102847295,
    0.015087976153982406,
    0.018594400514443547,
    0.013678848536983059,
    0.013339835128458051,
    0.01501773019556053,
    0.012934955606263347
  ],
  "ci_low_history": [
    4.0,
    4.0,
    4.0,
    4.0,
    4.0,
    4.0,
    4.0,
    4.0,
    4.0,
    4.0
  ],
  "ci_high_history": [
    4.0,
    4.0,
    4.0,
    4.0,
    4.0,
    4.0,
    4.0,
    4.0,
    4.0,
    4.0
  ],
  "searches": [
    {
      "repetition": 0,
      "r": 1,
      "sample_error": 0.23650612140747998,
      "sample_fluctuation": 0.2363511608973654,
      "expectation_bias": 0.028367917049130074,
      "eta_pair_sum": 2.6880000000000006,
      "pair_scale": 2.8679860529646937,
      "raw_total": 4.622234586298028,
      "seed": 1016
    },
    {
      "repetition": 0,
      "r": 2,
      "sample_error": 0.04604363283620103,
      "sample_fluctuation": 0.0460492122306774,
      "expectation_bias": 0.0004334058491548712,
      "eta_pair_sum": 0.4960000000000001,
      "pair_scale": 1.1162508678608047,
      "raw_total": 1.2001143345274712,
      "seed": 2025
    },
    {
      "repetition": 0,
      "r": 4,
      "sample_error": 0.013611955336238902,
      "sample_fluctuation": 0.0136115269462109,
      "expectation_bias": 6.6778607956639445e-06,
      "eta_pair_sum": 0.10200000000000002,
      "pair_scale": 1.0051885395287792,
      "raw_total": 1.0097880728621125,
      "seed": 4043
    },
    {
      "repetition": 0,
      "r": 3,
      "sample_error": 0.02198814190460011,
      "sample_fluctuation": 0.021988199592572248,
      "expectation_bias": 3.767262470310064e-05,
      "eta_pair_sum": 0.19437037037037036,
      "pair_scale": 1.0187147985957183,
      "raw_total": 1.0338895702463813,
      "seed": 3034
    },
    {
      "repetition": 1,
      "r": 1,
      "sample_error": 0.2861206225797433,
      "sample_fluctuation": 0.28920883073310855,
      "expectation_bias": 0.028367917049130074,
      "eta_pair_sum": 2.6880000000000006,
      "pair_scale": 2.8679860529646937,
      "raw_total": 4.622234586298028,
      "seed": 101019
    },
    {
      "repetition": 1,
      "r": 2,
      "sample_error": 0.07038389261226716,
      "sample_fluctuation": 0.07038625365735392,
      "expectation_bias": 0.0004334058491548712,
      "eta_pair_sum": 0.4960000000000001,
      "pair_scale": 1.1162508678608047,
      "raw_total": 1.2001143345274712,
      "seed": 102028
    },
    {
      "repetition": 1,
      "r": 4,
      "sample_error": 0.012964877299665821,
      "sample_fluctuation": 0.012965454523636072,
      "expectation_bias": 6.6778607956639445e-06,
      "eta_pair_sum": 0.10200000000000002,
      "pair_scale": 1.0051885395287792,
      "raw_total": 1.0097880728621125,
      "seed": 104046
    },
    {
      "repetition": 1,
      "r": 3,
      "sample_error": 0.026959714017679062,
      "sample_fluctuation": 0.026958641210964737,
      "expectation_bias": 3.767262470310064e-05,
      "eta_pair_sum": 0.19437037037037036,
      "pair_scale": 1.0187147985957183,
      "raw_total": 1.0338895702463813,
      "seed": 103037
    },
    {
      "repetition": 2,
      "r": 1,
      "sample_error": 0.2619827788255642,
      "sample_fluctuation": 0.2621334434635622,
      "expectation_bias": 0.028367917049130074,
      "eta_pair_sum": 2.6880000000000006,
      "pair_scale": 2.8679860529646937,
      "raw_total": 4.622234586298028,
      "seed": 201022
    },
    {
      "repetition": 2,
      "r": 2,
      "sample_error": 0.057621604120303385,
      "sample_fluctuation": 0.05762201335693783,
      "expectation_bias": 0.0004334058491548712,
      "eta_pair_sum": 0.4960000000000001,
      "pair_scale": 1.1162508678608047,
      "raw_total": 1.2001143345274712,
      "seed": 202031
    },
    {
      "repetition": 2,
      "r": 4,
      "sample_error": 0.011844465675665935,
      "sample_fluctuation": 0.011844420980736438,
      "expectation_bias": 6.6778607956639445e-06,
      "eta_pair_sum": 0.10200000000000002,
      "pair_scale": 1.0051885395287792,
      "raw_total": 1.0097880728621125,
      "seed": 204049
    },
    {
      "repetition": 2,
      "r": 3,
      "sample_error": 0.02495093815928882,
      "sample_fluctuation": 0.024953773793573244,
      "expectation_bias": 3.767262470310064e-05,
      "eta_pair_sum": 0.19437037037037036,
      "pair_scale": 1.0187147985957183,
      "raw_total": 1.0338895702463813,
      "seed": 203040
    },
    {
      "repetition": 3,
      "r": 1,
      "sample_error": 0.24994682027295134,
      "sample_fluctuation": 0.2505392637405445,
      "expectation_bias": 0.028367917049130074,
      "eta_pair_sum": 2.6880000000000006,
      "pair_scale": 2.8679860529646937,
      "raw_total": 4.622234586298028,
      "seed": 301025
    },
    {
      "repetition": 3,
      "r": 2,
      "sample_error": 0.05968652543838301,
      "sample_fluctuation": 0.05964757699508438,
      "expectation_bias": 0.0004334058491548712,
      "eta_pair_sum": 0.4960000000000001,
      "pair_scale": 1.1162508678608047,
      "raw_total": 1.2001143345274712,
      "seed": 302034
    },
    {
      "repetition": 3,
      "r": 4,
      "sample_error": 0.012108376634428894,
      "sample_fluctuation": 0.012107583102847295,
      "expectation_bias": 6.6778607956639445e-06,
      "eta_pair_sum": 0.10200000000000002,
      "pair_scale": 1.0051885395287792,
      "raw_total": 1.0097880728621125,
      "seed": 304052
    },
    {
      "repetition": 3,
      "r": 3,
      "sample_error": 0.025861711689286096,
      "sample_fluctuation": 0.025872819731979593,
      "expectation_bias": 3.767262470310064e-05,
      "eta_pair_sum": 0.19437037037037036,
      "pair_scale": 1.0187147985957183,
      "raw_total": 1.0338895702463813,
      "seed": 303043
    },
    {
      "repetition": 4,
      "r": 1,
      "sample_error": 0.2525626600518876,
      "sample_fluctuation": 0.2538403188227664,
      "expectation_bias": 0.028367917049130074,
      "eta_pair_sum": 2.6880000000000006,
      "pair_scale": 2.8679860529646937,
      "raw_total": 4.622234586298028,
      "seed": 401028
    },
    {
      "repetition": 4,
      "r": 2,
      "sample_error": 0.06233927622614427,
      "sample_fluctuation": 0.06234056861830757,
      "expectation_bias": 0.0004334058491548712,
      "eta_pair_sum": 0.4960000000000001,
      "pair_scale": 1.1162508678608047,
      "raw_total": 1.2001143345274712,
      "seed": 402037
    },
    {
      "repetition": 4,
      "r": 4,
      "sample_error": 0.0150879157708704,
      "sample_fluctuation": 0.015087976153982406,
      "expectation_bias": 6.6778607956639445e-06,
      "eta_pair_sum": 0.10200000000000002,
      "pair_scale": 1.0051885395287792,
      "raw_total": 1.0097880728621125,
      "seed": 404055
    },
    {
      "repetition": 4,
      "r": 3,