{
  "script": "NCC_original_sampling_r.py",
  "params": {
    "N": 4,
    "J": 1.0,
    "h": 1.0,
    "T": 0.2,
    "epsilon": 0.1,
    "trials": 1000,
    "repeats": 10,
    "base_seed": 7,
    "r_max": 1024
  },
  "sampled_r_mins": [
    2,
    2,
    2,
    2,
    2,
    2,
    2,
    2,
    2,
    2
  ],
  "expected_r_mins": [
    2,
    2,
    2,
    2,
    2,
    2,
    2,
    2,
    2,
    2
  ],
  "sample_errors": [
    0.05316647882719259,
    0.04470676339838083,
    0.052324681176082306,
    0.060082311815240395,
    0.05058515289696544,
    0.0599791924426672,
    0.053137781906012635,
    0.05800892316430432,
    0.0491708819253858,
    0.060591955714228936
  ],
  "expectation_biases": [
    0.041543170110627234,
    0.041543170110627234,
    0.041543170110627234,
    0.041543170110627234,
    0.041543170110627234,
    0.041543170110627234,
    0.041543170110627234,
    0.041543170110627234,
    0.041543170110627234,
    0.041543170110627234
  ],
  "sample_fluctuations": [
    0.036195665756024904,
    0.03725241244801809,
    0.039766329424087,
    0.04326637868244728,
    0.03800279924545729,
    0.03547889509736296,
    0.041943947577204786,
    0.0486462460588289,
    0.03736054360030082,
    0.042048973030562216
  ],
  "ci_low_history": [
    2.0,
    2.0,
    2.0,
    2.0,
    2.0,
    2.0,
    2.0,
    2.0,
    2.0,
    2.0
  ],
  "ci_high_history": [
    2.0,
    2.0,
    2.0,
    2.0,
    2.0,
    2.0,
    2.0,
    2.0,
    2.0,
    2.0
  ],
  "searches": [
    {
      "repetition": 0,
      "r": 1,
      "sample_error": 0.35765014772469006,
      "sample_fluctuation": 0.1444732776306916,
      "expectation_bias": 0.32714389300598595,
      "t": 0.2,
      "eta_sum": 2.6880000000000006,
      "eta2": 1.2800000000000002,
      "eta3": 1.4080000000000004,
      "seed": 1016
    },
    {
      "repetition": 0,
      "r": 2,
      "sample_error": 0.05316647882719259,
      "sample_fluctuation": 0.036195665756024904,
      "expectation_bias": 0.041543170110627234,
      "t": 0.1,
      "eta_sum": 0.4960000000000001,
      "eta2": 0.32000000000000006,
      "eta3": 0.17600000000000005,
      "seed": 2025
    },
    {
      "repetition": 1,
      "r": 1,
      "sample_error": 0.3285024510225274,
      "sample_fluctuation": 0.15070757998428472,
      "expectation_bias": 0.32714389300598595,
      "t": 0.2,
      "eta_sum": 2.6880000000000006,
      "eta2": 1.2800000000000002,
      "eta3": 1.4080000000000004,
      "seed": 101019
    },
    {
      "repetition": 1,
      "r": 2,
      "sample_error": 0.04470676339838083,
      "sample_fluctuation": 0.03725241244801809,
      "expectation_bias": 0.041543170110627234,
      "t": 0.1,
      "eta_sum": 0.4960000000000001,
      "eta2": 0.32000000000000006,
      "eta3": 0.17600000000000005,
      "seed": 102028
    },
    {
      "repetition": 2,
      "r": 1,
      "sample_error": 0.3468177569963432,
      "sample_fluctuation": 0.14639970391445864,
      "expectation_bias": 0.32714389300598595,
      "t": 0.2,
      "eta_sum": 2.6880000000000006,
      "eta2": 1.2800000000000002,
      "eta3": 1.4080000000000004,
      "seed": 201022
    },
    {
      "repetition": 2,
      "r": 2,
      "sample_error": 0.052324681176082306,
      "sample_fluctuation": 0.039766329424087,
      "expectation_bias": 0.041543170110627234,
      "t": 0.1,
      "eta_sum": 0.4960000000000001,
      "eta2": 0.32000000000000006,
      "eta3": 0.17600000000000005,
      "seed": 202031
    },
    {
      "repetition": 3,
      "r": 1,
      "sample_error": 0.361683047030202,
      "sample_fluctuation": 0.14191581917398485,
      "expectation_bias": 0.32714389300598595,
      "t": 0.2,
      "eta_sum": 2.6880000000000006,
      "eta2": 1.2800000000000002,
      "eta3": 1.4080000000000004,
      "seed": 301025
    },
    {
      "repetition": 3,
      "r": 2,
      "sample_error": 0.060082311815240395,
      "sample_fluctuation": 0.04326637868244728,
      "expectation_bias": 0.041543170110627234,
      "t": 0.1,
      "eta_sum": 0.4960000000000001,
      "eta2": 0.32000000000000006,
      "eta3": 0.17600000000000005,
      "seed": 302034
    },
    {
      "repetition": 4,
      "r": 1,
      "sample_error": 0.3298006211342118,
      "sample_fluctuation": 0.14944649630307147,
      "expectation_bias": 0.32714389300598595,
      "t": 0.2,
      "eta_sum": 2.6880000000000006,
      "eta2": 1.2800000000000002,
      "eta3": 1.4080000000000004,
      "seed": 401028
    },
    {
      "repetition": 4,
      "r": 2,
      "sample_error": 0.05058515289696544,
      "sample_fluctuation": 0.03800279924545729,
      "expectation_bias": 0.041543170110627234,
      "t": 0.1,
      "eta_sum": 0.4960000000000001,
      "eta2": 0.32000000000000006,
      "eta3": 0.17600000000000005,
      "seed": 402037
    },
    {
      "repetition": 5,
      "r": 1,
      "sample_error": 0.373894655786511,
      "sample_fluctuation": 0.16480945953808968,
      "expectation_bias": 0.32714389300598595,
      "t": 0.2,
      "eta_sum": 2.6880000000000006,
      "eta2": 1.2800000000000002,
      "eta3": 1.4080000000000004,
      "seed": 501031
    },
    {
      "repetition": 5,
      "r": 2,
      "sample_error": 0.0599791924426672,
      "sample_fluctuation": 0.03547889509736296,
      "expectation_bias": 0.041543170110627234,
      "t": 0.1,
      "eta_sum": 0.4960000000000001,
      "eta2": 0.32000000000000006,
      "eta3": 0.17600000000000005,
      "seed": 502040
    },
    {
      "repetition": 6,
      "r": 1,
      "sample_error": 0.3650194877201669,
      "sample_fluctuation": 0.14384884029499034,
      "expectation_bias": 0.32714389300598595,
      "t": 0.2,
      "eta_sum": 2.6880000000000006,
      "eta2": 1.2800000000000002,
      "eta3": 1.4080000000000004,
      "seed": 601034
    },
    {
      "repetition": 6,
      "r": 2,
      "sample_error": 0.053137781906012635,
      "sample_fluctuation": 0.041943947577204786,
      "expectation_bias": 0.041543170110627234,
      "t": 0.1,
      "eta_sum": 0.4960000000000001,
      "eta2": 0.32000000000000006,
      "eta3": 0.17600000000000005,
      "seed": 602043
    },
    {
      "repetition": 7,
      "r": 1,
      "sample_error": 0.3499320583364573,
      "sample_fluctuation": 0.15168467012781836,
      "expectation_bias": 0.32714389300598595,
      "t": 0.2,
      "eta_sum": 2.6880000000000006,
      "eta2": 1.2800000000000002,
      "eta3": 1.4080000000000004,
      "seed": 701037
    },
    {
      "repetition": 7,
      "r": 2,
      "sample_error": 0.05800892316430432,
      "sample_fluctuation": 0.0486462460588289,
      "expectation_bias": 0.041543170110627234,
      "t": 0.1,
      "eta_sum": 0.4960000000000001,
      "eta2": 0.32000000000000006,
      "eta3": 0.17600000000000005,
      "seed": 702046
    },
    {
      "repetition": 8,
      "r": 1,
      "sample_error": 0.33188299621765904,
      "sample_fluctuation": 0.17747912593286397,
      "expectation_bias": 0.32714389300598595,
      "t": 0.2,
      "eta_sum": 2.6880000000000006,
      "eta2": 1.2800000000000002,
      "eta3": 1.4080000000000004,
      "seed": 801040
    },
    {
      "repetition": 8,
      "r": 2,
      "sample_error": 0.0491708819253858,
      "sample_fluctuation": 0.03736054360030082,
      "expectation_bias": 0.041543170110627234,
      "t": 0.1,
      "eta_sum": 0.4960000000000001,
      "eta2": 0.32000000000000006,
      "eta3": 0.17600000000000005,
      "seed": 802049
    },
    {
      "repetition": 9,
      "r": 1,
      "sample_error": 0.3388160828985663,
      "sample_fluctuation": 0.18641517559177037,
      "expectation_bias": 0.32714389300598595,
      "t": 0.2,
      "eta_sum": 2.6880000000000006,
      "eta2": 1.2800000000000002,
      "eta3": 1.4080000000000004,
      "seed": 901043
    },
    {
      "repetition": 9,
      "r": 2,
      "sample_error": 0.060591955714228936,
      "sample_fluctuation": 0.042048973030562216,
      "expectation_bias": 0.041543170110627234,