{
  "script": "NCC_original_sampling_r.py",
  "params": {
    "N": 4,
    "J": 1.0,
    "h": 1.0,
    "T": 0.4,
    "epsilon": 0.1,
    "trials": 1000,
    "repeats": 10,
    "base_seed": 7,
    "r_max": 512
  },
  "sampled_r_mins": [
    4,
    4,
    4,
    4,
    4,
    4,
    5,
    4,
    4,
    4
  ],
  "expected_r_mins": [
    4,
    4,
    4,
    4,
    4,
    4,
    4,
    4,
    4,
    4
  ],
  "sample_errors": [
    0.08411168446889113,
    0.07846454332038592,
    0.09479871768382236,
    0.0932859388623466,
    0.09795506217384652,
    0.0897544658902773,
    0.053270472990259415,
    0.08522529850400042,
    0.09424723921312475,
    0.08556958736864885
  ],
  "expectation_biases": [
    0.06932577066894165,
    0.06932577066894165,
    0.06932577066894165,
    0.06932577066894165,
    0.06932577066894165,
    0.06932577066894165,
    0.03457149880022553,
    0.06932577066894165,
    0.06932577066894165,
    0.06932577066894165
  ],
  "sample_fluctuations": [
    0.06902353187531608,
    0.06760031322650517,
    0.063171887410882,
    0.07237574678467386,
    0.07175487411688876,
    0.05769531232646834,
    0.04260447398705711,
    0.06305059277868483,
    0.06377215592766536,
    0.05759989004697408
  ],
  "ci_low_history": [
    4.0,
    4.0,
    4.0,
    4.0,
    4.0,
    4.0,
    3.862857142857143,
    3.88,
    3.893333333333333,
    3.9039999999999995
  ],
  "ci_high_history": [
    4.0,
    4.0,
    4.0,
    4.0,
    4.0,
    4.0,
    4.4228571428571435,
    4.37,
    4.328888888888889,
    4.295999999999999
  ],
  "evaluations": [
    {
      "repetition": 0,
      "r": 1,
      "sample_error": 4.301883223760701,
      "sample_fluctuation": 0.8895368517947099,
      "expectation_bias": 4.145708272040789,
      "t": 0.4,
      "eta_sum": 16.384000000000004,
      "eta2": 5.120000000000001,
      "eta3": 11.264000000000003,
      "seed": 1016
    },
    {
      "repetition": 0,
      "r": 2,
      "sample_error": 0.8717941857726881,
      "sample_fluctuation": 0.4344990185947559,
      "expectation_bias": 0.6743601868588301,
      "t": 0.2,
      "eta_sum": 2.6880000000000006,
      "eta2": 1.2800000000000002,
      "eta3": 1.4080000000000004,
      "seed": 2025
    },
    {
      "repetition": 0,
      "r": 4,
      "sample_error": 0.08411168446889113,
      "sample_fluctuation": 0.06902353187531608,
      "expectation_bias": 0.06932577066894165,
      "t": 0.1,
      "eta_sum": 0.4960000000000001,
      "eta2": 0.32000000000000006,
      "eta3": 0.17600000000000005,
      "seed": 4043
    },
    {
      "repetition": 0,
      "r": 3,
      "sample_error": 0.23095705658426477,
      "sample_fluctuation": 0.154980412120507,
      "expectation_bias": 0.17399623133297018,
      "t": 0.13333333333333333,
      "eta_sum": 0.9860740740740741,
      "eta2": 0.5688888888888889,
      "eta3": 0.41718518518518516,
      "seed": 3034
    },
    {
      "repetition": 1,
      "r": 1,
      "sample_error": 4.225512252180173,
      "sample_fluctuation": 0.8201713092960465,
      "expectation_bias": 4.145708272040789,
      "t": 0.4,
      "eta_sum": 16.384000000000004,
      "eta2": 5.120000000000001,
      "eta3": 11.264000000000003,
      "seed": 101019
    },
    {
      "repetition": 1,
      "r": 2,
      "sample_error": 0.7555147213605435,
      "sample_fluctuation": 0.4662191655677946,
      "expectation_bias": 0.6743601868588301,
      "t": 0.2,
      "eta_sum": 2.6880000000000006,
      "eta2": 1.2800000000000002,
      "eta3": 1.4080000000000004,
      "seed": 102028
    },
    {
      "repetition": 1,
      "r": 4,
      "sample_error": 0.07846454332038592,
      "sample_fluctuation": 0.06760031322650517,
      "expectation_bias": 0.06932577066894165,
      "t": 0.1,
      "eta_sum": 0.4960000000000001,
      "eta2": 0.32000000000000006,
      "eta3": 0.17600000000000005,
      "seed": 104046
    },
    {
      "repetition": 1,
      "r": 3,
      "sample_error": 0.22814950652135943,
      "sample_fluctuation": 0.14089388945588965,
      "expectation_bias": 0.17399623133297018,
      "t": 0.13333333333333333,
      "eta_sum": 0.9860740740740741,
      "eta2": 0.5688888888888889,
      "eta3": 0.41718518518518516,
      "seed": 103037
    },
    {
      "repetition": 2,
      "r": 1,
      "sample_error": 4.340309390700614,
      "sample_fluctuation": 1.0038712376977608,
      "expectation_bias": 4.145708272040789,
      "t": 0.4,
      "eta_sum": 16.384000000000004,
      "eta2": 5.120000000000001,
      "eta3": 11.264000000000003,
      "seed": 201022
    },
    {
      "repetition": 2,
      "r": 2,
      "sample_error": 0.8069751943151203,
      "sample_fluctuation": 0.5118001684506284,
      "expectation_bias": 0.6743601868588301,
      "t": 0.2,
      "eta_sum": 2.6880000000000006,
      "eta2": 1.2800000000000002,
      "eta3": 1.4080000000000004,
      "seed": 202031
    },
    {
      "repetition": 2,
      "r": 4,
      "sample_error": 0.09479871768382236,
      "sample_fluctuation": 0.063171887410882,
      "expectation_bias": 0.06932577066894165,
      "t": 0.1,
      "eta_sum": 0.4960000000000001,
      "eta2": 0.32000000000000006,
      "eta3": 0.17600000000000005,
      "seed": 204049
    },
    {
      "repetition": 2,
      "r": 3,
      "sample_error": 0.19530824533862062,
      "sample_fluctuation": 0.14200560577414995,
      "expectation_bias": 0.17399623133297018,
      "t": 0.13333333333333333,
      "eta_sum": 0.9860740740740741,
      "eta2": 0.5688888888888889,
      "eta3": 0.41718518518518516,
      "seed": 203040
    },
    {
      "repetition": 3,
      "r": 1,
      "sample_error": 4.272318582222861,
      "sample_fluctuation": 0.8979085496923201,
      "expectation_bias": 4.145708272040789,
      "t": 0.4,
      "eta_sum": 16.384000000000004,
      "eta2": 5.120000000000001,
      "eta3": 11.264000000000003,
      "seed": 301025
    },
    {
      "repetition": 3,
      "r": 2,
      "sample_error": 0.8793456780407957,
      "sample_fluctuation": 0.44993831854501604,
      "expectation_bias": 0.6743601868588301,
      "t": 0.2,
      "eta_sum": 2.6880000000000006,
      "eta2": 1.2800000000000002,
      "eta3": 1.4080000000000004,
      "seed": 302034
    },
    {
      "repetition": 3,
      "r": 4,
      "sample_error": 0.0932859388623466,
      "sample_fluctuation": 0.07237574678467386,
      "expectation_bias": 0.06932577066894165,
      "t": 0.1,
      "eta_sum": 0.4960000000000001,
      "eta2": 0.32000000000000006,
      "eta3": 0.17600000000000005,
      "seed": 304052
    },
    {
      "repetition": 3,
      "r": 3,
      "sample_error": 0.20590123745542446,
      "sample_fluctuation": 0.1572393770229527,
      "expectation_bias": 0.17399623133297018,
      "t": 0.13333333333333333,
      "eta_sum": 0.9860740740740741,
      "eta2": 0.5688888888888889,
      "eta3": 0.41718518518518516,
      "seed": 303043
    },
    {
      "repetition": 4,
      "r": 1,
      "sample_error": 4.117136420545843,
      "sample_fluctuation": 0.8800252559249372,
      "expectation_bias": 4.145708272040789,
      "t": 0.4,
      "eta_sum": 16.384000000000004,
      "eta2": 5.120000000000001,
      "eta3": 11.264000000000003,
      "seed": 401028
    },
    {
      "repetition": 4,
      "r": 2,
      "sample_error": 0.7409139663976688,
      "sample_fluctuation": 0.4688718487258733,
      "expectation_bias": 0.6743601868588301,
      "t": 0.2,
      "eta_sum": 2.6880000000000006,
      "eta2": 1.2800000000000002,
      "eta3": 1.4080000000000004,
      "seed": 402037
    },
    {
      "repetition": 4,
      "r": 4,
      "sample_error": 0.09795506217384652,
      "sample_fluctuation": 0.07175487411688876,
      "expectation_bias": 0.06932577066894165,
      "t": 0.1,
      "eta_sum": 0.4960000000000001,
      "eta2": 0.32000000000000006,
      "eta3": 0.17600000000000005,
      "seed": 404055
    },
    {
      "repetition": 4,
      "r": 3,
      "sample_error": 0.23925878117014224,