{
  "script": "NCC_log_sampling_r.py",
  "params": {
    "N": 4,
    "J": 1.0,
    "h": 1.0,
    "Heisenberg": true,
    "T": 0.4,
    "epsilon": 0.1,
    "trials": 1000,
    "repeats": 10,
    "base_seed": 7,
    "r_max": 512,
    "sampling": "weighted",
    "s0": 4,
    "q_0": 6
  },
  "sampled_r_mins": [
    4,
    5,
    4,
    4,
    4,
    4,
    4,
    4,
    4,
    4
  ],
  "expected_r_mins": [
    3,
    3,
    3,
    3,
    3,
    3,
    3,
    3,
    3,
    3
  ],
  "sample_errors": [
    0.08907349779901255,
    0.05460529775743547,
    0.08768269351133505,
    0.0947500490980318,
    0.09815901852913594,
    0.09641963019475672,
    0.08348651407944226,
    0.09539971071477828,
    0.08336015020535681,
    0.0831282269706049
  ],
  "expectation_biases": [
    0.017882057875529458,
    0.007202912781263468,
    0.017882057875529458,
    0.017882057875529458,
    0.017882057875529458,
    0.017882057875529458,
    0.017882057875529458,
    0.017882057875529458,
    0.017882057875529458,
    0.017882057875529458
  ],
  "sample_fluctuations": [
    0.08459572688262264,
    0.05490608655673524,
    0.08715066854185244,
    0.09661225579599608,
    0.09885105655967286,
    0.09641221642543212,
    0.08279004309889391,
    0.09494835213055652,
    0.08283511781432015,
    0.08534666944269227
  ],
  "ci_low_history": [
    4.0,
    3.52,
    3.6799999999999997,
    3.76,
    3.8080000000000003,
    3.8400000000000003,
    3.862857142857143,
    3.88,
    3.893333333333333,
    3.9039999999999995
  ],
  "ci_high_history": [
    4.0,
    5.4799999999999995,
    4.986666666666666,
    4.74,
    4.5920000000000005,
    4.493333333333334,
    4.4228571428571435,
    4.37,
    4.328888888888889,
    4.295999999999999
  ],
  "evaluations": [
    {
      "repetition": 0,
      "r": 1,
      "sample_error": 4.846412145455274,
      "sample_fluctuation": 1.6350599541188704,
      "expectation_bias": 4.5880513851207745,
      "eta_pair_sum": 16.384000000000004,
      "pair_scale": 16.414489209232194,
      "raw_total": 33.071555875898866,
      "seed": 1016
    },
    {
      "repetition": 0,
      "r": 2,
      "sample_error": 0.9585004162859367,
      "sample_fluctuation": 0.9021659850298888,
      "expectation_bias": 0.3129499627914228,
      "eta_pair_sum": 2.6880000000000006,
      "pair_scale": 2.8679860529646937,
      "raw_total": 3.9090527196313607,
      "seed": 2025
    },
    {
      "repetition": 0,
      "r": 4,
      "sample_error": 0.08907349779901255,
      "sample_fluctuation": 0.08459572688262264,
      "expectation_bias": 0.017882057875529458,
      "eta_pair_sum": 0.4960000000000001,
      "pair_scale": 1.1162508678608047,
      "raw_total": 1.1813175345274713,
      "seed": 4043
    },
    {
      "repetition": 0,
      "r": 3,
      "sample_error": 0.2359195513637276,
      "sample_fluctuation": 0.2369211632721311,
      "expectation_bias": 0.05821585087346765,
      "eta_pair_sum": 0.9860740740740741,
      "pair_scale": 1.4044009682284624,
      "raw_total": 1.610043766582372,
      "seed": 3034
    },
    {
      "repetition": 1,
      "r": 1,
      "sample_error": 5.705470650040672,
      "sample_fluctuation": 2.298646136673784,
      "expectation_bias": 4.5880513851207745,
      "eta_pair_sum": 16.384000000000004,
      "pair_scale": 16.414489209232194,
      "raw_total": 33.071555875898866,
      "seed": 101019
    },
    {
      "repetition": 1,
      "r": 2,
      "sample_error": 1.028627485744607,
      "sample_fluctuation": 0.9683101755366977,
      "expectation_bias": 0.3129499627914228,
      "eta_pair_sum": 2.6880000000000006,
      "pair_scale": 2.8679860529646937,
      "raw_total": 3.9090527196313607,
      "seed": 102028
    },
    {
      "repetition": 1,
      "r": 4,
      "sample_error": 0.10141926183517531,
      "sample_fluctuation": 0.10113792351088338,
      "expectation_bias": 0.017882057875529458,
      "eta_pair_sum": 0.4960000000000001,
      "pair_scale": 1.1162508678608047,
      "raw_total": 1.1813175345274713,
      "seed": 104046
    },
    {
      "repetition": 1,
      "r": 8,
      "sample_error": 0.02216024056167333,
      "sample_fluctuation": 0.022139708610570154,
      "expectation_bias": 0.0010763909700173793,
      "eta_pair_sum": 0.10200000000000002,
      "pair_scale": 1.0051885395287792,
      "raw_total": 1.0092552061954458,
      "seed": 108082
    },
    {
      "repetition": 1,
      "r": 6,
      "sample_error": 0.04125417684004244,
      "sample_fluctuation": 0.04129778565730696,
      "expectation_bias": 0.00343879566532727,
      "eta_pair_sum": 0.19437037037037036,
      "pair_scale": 1.0187147985957183,
      "raw_total": 1.0315674734928377,
      "seed": 106064
    },
    {
      "repetition": 1,
      "r": 5,
      "sample_error": 0.05460529775743547,
      "sample_fluctuation": 0.05490608655673524,
      "expectation_bias": 0.007202912781263468,
      "eta_pair_sum": 0.294912,
      "pair_scale": 1.04258001503194,
      "raw_total": 1.0692313216986067,
      "seed": 105055
    },
    {
      "repetition": 1,
      "r": 3,
      "sample_error": 0.267260099624738,
      "sample_fluctuation": 0.2601824494137088,
      "expectation_bias": 0.05821585087346765,
      "eta_pair_sum": 0.9860740740740741,
      "pair_scale": 1.4044009682284624,
      "raw_total": 1.610043766582372,
      "seed": 103037
    },
    {
      "repetition": 2,
      "r": 1,
      "sample_error": 5.0130709762914405,
      "sample_fluctuation": 1.947018138398277,
      "expectation_bias": 4.5880513851207745,
      "eta_pair_sum": 16.384000000000004,
      "pair_scale": 16.414489209232194,
      "raw_total": 33.071555875898866,
      "seed": 201022
    },
    {
      "repetition": 2,
      "r": 2,
      "sample_error": 0.9916437466334651,
      "sample_fluctuation": 0.9849975073885432,
      "expectation_bias": 0.3129499627914228,
      "eta_pair_sum": 2.6880000000000006,
      "pair_scale": 2.8679860529646937,
      "raw_total": 3.9090527196313607,
      "seed": 202031
    },
    {
      "repetition": 2,
      "r": 4,
      "sample_error": 0.08768269351133505,
      "sample_fluctuation": 0.08715066854185244,
      "expectation_bias": 0.017882057875529458,
      "eta_pair_sum": 0.4960000000000001,
      "pair_scale": 1.1162508678608047,
      "raw_total": 1.1813175345274713,
      "seed": 204049
    },
    {
      "repetition": 2,
      "r": 3,
      "sample_error": 0.28214002618499145,
      "sample_fluctuation": 0.2668633039458024,
      "expectation_bias": 0.05821585087346765,
      "eta_pair_sum": 0.9860740740740741,
      "pair_scale": 1.4044009682284624,
      "raw_total": 1.610043766582372,
      "seed": 203040
    },
    {
      "repetition": 3,
      "r": 1,
      "sample_error": 4.869405537495452,
      "sample_fluctuation": 1.7144384364788776,
      "expectation_bias": 4.5880513851207745,
      "eta_pair_sum": 16.384000000000004,
      "pair_scale": 16.414489209232194,
      "raw_total": 33.071555875898866,
      "seed": 301025
    },
    {
      "repetition": 3,
      "r": 2,
      "sample_error": 0.8736702184902638,
      "sample_fluctuation": 0.845724623797226,
      "expectation_bias": 0.3129499627914228,
      "eta_pair_sum": 2.6880000000000006,
      "pair_scale": 2.8679860529646937,
      "raw_total": 3.9090527196313607,
      "seed": 302034
    },
    {
      "repetition": 3,
      "r": 4,
      "sample_error": 0.0947500490980318,
      "sample_fluctuation": 0.09661225579599608,
      "expectation_bias": 0.017882057875529458,
      "eta_pair_sum": 0.4960000000000001,
      "pair_scale": 1.1162508678608047,
      "raw_total": 1.1813175345274713,
      "seed": 304052
    },
    {
      "repetition": 3,
      "r": 3,
      "sample_error": 0.2234026799857694,
      "sample_fluctuation": 0.22285995750168042,
      "expectation_bias": 0.05821585087346765,
      "eta_pair_sum": 0.9860740740740741,
      "pair_scale": 1.4044009682284624,
      "raw_total": 1.610043766582372,