{
  "script": "NCC_log_sampling_r.py",
  "params": {
    "N": 4,
    "J": 1.0,
    "h": 1.0,
    "Heisenberg": true,
    "T": 0.2,
    "epsilon": 0.04,
    "trials": 1000,
    "repeats": 10,
    "base_seed": 7,
    "r_max": 512,
    "sampling": "weighted",
    "s0": 5,
    "q_0": 6
  },
  "sampled_r_mins": [
    3,
    3,
    3,
    3,
    3,
    3,
    3,
    3,
    3,
    3
  ],
  "expected_r_mins": [
    2,
    2,
    2,
    2,
    2,
    2,
    2,
    2,
    2,
    2
  ],
  "sample_errors": [
    0.02212295662559369,
    0.025866134323358308,
    0.024175038232964,
    0.024963827438927423,
    0.030354654533595007,
    0.024921937995965166,
    0.022375416692814284,
    0.02395395773505104,
    0.021216201795669184,
    0.025213915188600836
  ],
  "expectation_biases": [
    0.0003003298508294111,
    0.0003003298508294111,
    0.0003003298508294111,
    0.0003003298508294111,
    0.0003003298508294111,
    0.0003003298508294111,
    0.0003003298508294111,
    0.0003003298508294111,
    0.0003003298508294111,
    0.0003003298508294111
  ],
  "sample_fluctuations": [
    0.022110255210134398,
    0.025873227578461725,
    0.02417364715491307,
    0.024986509359126625,
    0.030355537814149756,
    0.02494723090638065,
    0.022354239271568932,
    0.023951717975632555,
    0.02121426944533167,
    0.025171387995002462
  ],
  "ci_low_history": [
    3.0,
    3.0,
    3.0,
    3.0,
    3.0,
    3.0,
    3.0,
    3.0,
    3.0,
    3.0
  ],
  "ci_high_history": [
    3.0,
    3.0,
    3.0,
    3.0,
    3.0,
    3.0,
    3.0,
    3.0,
    3.0,
    3.0
  ],
  "evaluations": [
    {
      "repetition": 0,
      "r": 1,
      "sample_error": 0.2474324893556279,
      "sample_fluctuation": 0.24760394093212595,
      "expectation_bias": 0.07454070099909339,
      "eta_pair_sum": 2.6880000000000006,
      "pair_scale": 2.8679860529646937,
      "raw_total": 4.398866052964694,
      "seed": 1016
    },
    {
      "repetition": 0,
      "r": 2,
      "sample_error": 0.04445064793346805,
      "sample_fluctuation": 0.0444250652191248,
      "expectation_bias": 0.0022981203936704676,
      "eta_pair_sum": 0.4960000000000001,
      "pair_scale": 1.1162508678608047,
      "raw_total": 1.196624201194138,
      "seed": 2025
    },
    {
      "repetition": 0,
      "r": 4,
      "sample_error": 0.014245659033245933,
      "sample_fluctuation": 0.014251870043021177,
      "expectation_bias": 7.103659502840738e-05,
      "eta_pair_sum": 0.10200000000000002,
      "pair_scale": 1.0051885395287792,
      "raw_total": 1.0097335395287792,
      "seed": 4043
    },
    {
      "repetition": 0,
      "r": 3,
      "sample_error": 0.02212295662559369,
      "sample_fluctuation": 0.022110255210134398,
      "expectation_bias": 0.0003003298508294111,
      "eta_pair_sum": 0.19437037037037036,
      "pair_scale": 1.0187147985957183,
      "raw_total": 1.0335831662226045,
      "seed": 3034
    },
    {
      "repetition": 1,
      "r": 1,
      "sample_error": 0.3011137511547414,
      "sample_fluctuation": 0.27400202423109293,
      "expectation_bias": 0.07454070099909339,
      "eta_pair_sum": 2.6880000000000006,
      "pair_scale": 2.8679860529646937,
      "raw_total": 4.398866052964694,
      "seed": 101019
    },
    {
      "repetition": 1,
      "r": 2,
      "sample_error": 0.07126918824163192,
      "sample_fluctuation": 0.07123888319853727,
      "expectation_bias": 0.0022981203936704676,
      "eta_pair_sum": 0.4960000000000001,
      "pair_scale": 1.1162508678608047,
      "raw_total": 1.196624201194138,
      "seed": 102028
    },
    {
      "repetition": 1,
      "r": 4,
      "sample_error": 0.013195964829747373,
      "sample_fluctuation": 0.013182748759285219,
      "expectation_bias": 7.103659502840738e-05,
      "eta_pair_sum": 0.10200000000000002,
      "pair_scale": 1.0051885395287792,
      "raw_total": 1.0097335395287792,
      "seed": 104046
    },
    {
      "repetition": 1,
      "r": 3,
      "sample_error": 0.025866134323358308,
      "sample_fluctuation": 0.025873227578461725,
      "expectation_bias": 0.0003003298508294111,
      "eta_pair_sum": 0.19437037037037036,
      "pair_scale": 1.0187147985957183,
      "raw_total": 1.0335831662226045,
      "seed": 103037
    },
    {
      "repetition": 2,
      "r": 1,
      "sample_error": 0.25040487456505944,
      "sample_fluctuation": 0.2516373041126677,
      "expectation_bias": 0.07454070099909339,
      "eta_pair_sum": 2.6880000000000006,
      "pair_scale": 2.8679860529646937,
      "raw_total": 4.398866052964694,
      "seed": 201022
    },
    {
      "repetition": 2,
      "r": 2,
      "sample_error": 0.05964734145945957,
      "sample_fluctuation": 0.05963667819292056,
      "expectation_bias": 0.0022981203936704676,
      "eta_pair_sum": 0.4960000000000001,
      "pair_scale": 1.1162508678608047,
      "raw_total": 1.196624201194138,
      "seed": 202031
    },
    {
      "repetition": 2,
      "r": 4,
      "sample_error": 0.011770548964953949,
      "sample_fluctuation": 0.011771673135975236,
      "expectation_bias": 7.103659502840738e-05,
      "eta_pair_sum": 0.10200000000000002,
      "pair_scale": 1.0051885395287792,
      "raw_total": 1.0097335395287792,
      "seed": 204049
    },
    {
      "repetition": 2,
      "r": 3,
      "sample_error": 0.024175038232964,
      "sample_fluctuation": 0.02417364715491307,
      "expectation_bias": 0.0003003298508294111,
      "eta_pair_sum": 0.19437037037037036,
      "pair_scale": 1.0187147985957183,
      "raw_total": 1.0335831662226045,
      "seed": 203040
    },
    {
      "repetition": 3,
      "r": 1,
      "sample_error": 0.2458719369380139,
      "sample_fluctuation": 0.2567654302366844,
      "expectation_bias": 0.07454070099909339,
      "eta_pair_sum": 2.6880000000000006,
      "pair_scale": 2.8679860529646937,
      "raw_total": 4.398866052964694,
      "seed": 301025
    },
    {
      "repetition": 3,
      "r": 2,
      "sample_error": 0.05887871829743687,
      "sample_fluctuation": 0.05949935660970593,
      "expectation_bias": 0.0022981203936704676,
      "eta_pair_sum": 0.4960000000000001,
      "pair_scale": 1.1162508678608047,
      "raw_total": 1.196624201194138,
      "seed": 302034
    },
    {
      "repetition": 3,
      "r": 4,
      "sample_error": 0.01201463146530371,
      "sample_fluctuation": 0.012035090727500088,
      "expectation_bias": 7.103659502840738e-05,
      "eta_pair_sum": 0.10200000000000002,
      "pair_scale": 1.0051885395287792,
      "raw_total": 1.0097335395287792,
      "seed": 304052
    },
    {
      "repetition": 3,
      "r": 3,
      "sample_error": 0.024963827438927423,
      "sample_fluctuation": 0.024986509359126625,
      "expectation_bias": 0.0003003298508294111,
      "eta_pair_sum": 0.19437037037037036,
      "pair_scale": 1.0187147985957183,
      "raw_total": 1.0335831662226045,
      "seed": 303043
    },
    {
      "repetition": 4,
      "r": 1,
      "sample_error": 0.23436806701948357,
      "sample_fluctuation": 0.22606208224377441,
      "expectation_bias": 0.07454070099909339,
      "eta_pair_sum": 2.6880000000000006,
      "pair_scale": 2.8679860529646937,
      "raw_total": 4.398866052964694,
      "seed": 401028
    },
    {
      "repetition": 4,
      "r": 2,
      "sample_error": 0.06818691769446812,
      "sample_fluctuation": 0.06824189334306871,
      "expectation_bias": 0.0022981203936704676,
      "eta_pair_sum": 0.4960000000000001,
      "pair_scale": 1.1162508678608047,
      "raw_total": 1.196624201194138,
      "seed": 402037
    },
    {
      "repetition": 4,
      "r": 4,
      "sample_error": 0.015023130510805989,
      "sample_fluctuation": 0.015023708324460676,
      "expectation_bias": 7.103659502840738e-05,
      "eta_pair_sum": 0.10200000000000002,
      "pair_scale": 1.0051885395287792,
      "raw_total": 1.0097335395287792,
      "seed": 404055
    },
    {
      "repetition": 4,
      "r": 3,