{
  "script": "NCC_log_sampling_r.py",
  "params": {
    "N": 4,
    "J": 1.0,
    "h": 1.0,
    "Heisenberg": true,
    "T": 0.2,
    "epsilon": 0.1,
    "trials": 1000,
    "repeats": 10,
    "base_seed": 7,
    "r_max": 512,
    "sampling": "weighted",
    "s0": 4,
    "q_0": 6
  },
  "sampled_r_mins": [
    2,
    2,
    2,
    2,
    2,
    2,
    2,
    2,
    2,
    2
  ],
  "expected_r_mins": [
    2,
    2,
    2,
    2,
    2,
    2,
    2,
    2,
    2,
    2
  ],
  "sample_errors": [
    0.047156965997763985,
    0.06751504600487676,
    0.05931119239280966,
    0.0560709372009529,
    0.05968159176611176,
    0.042573269870966976,
    0.050932329987605295,
    0.06430229036466005,
    0.05115205539231145,
    0.04887771840100952
  ],
  "expectation_biases": [
    0.010683097599941764,
    0.010683097599941764,
    0.010683097599941764,
    0.010683097599941764,
    0.010683097599941764,
    0.010683097599941764,
    0.010683097599941764,
    0.010683097599941764,
    0.010683097599941764,
    0.010683097599941764
  ],
  "sample_fluctuations": [
    0.046690330674935006,
    0.06757676816872069,
    0.05927267632574743,
    0.05632022330153695,
    0.05942524832079405,
    0.043488444743550306,
    0.05017891551695665,
    0.06443311057002726,
    0.04871916267019559,
    0.049047936137720724
  ],
  "ci_low_history": [
    2.0,
    2.0,
    2.0,
    2.0,
    2.0,
    2.0,
    2.0,
    2.0,
    2.0,
    2.0
  ],
  "ci_high_history": [
    2.0,
    2.0,
    2.0,
    2.0,
    2.0,
    2.0,
    2.0,
    2.0,
    2.0,
    2.0
  ],
  "evaluations": [
    {
      "repetition": 0,
      "r": 1,
      "sample_error": 0.23796616936183904,
      "sample_fluctuation": 0.21518983858120266,
      "expectation_bias": 0.17128910015273843,
      "eta_pair_sum": 2.6880000000000006,
      "pair_scale": 2.8679860529646937,
      "raw_total": 3.9090527196313607,
      "seed": 1016
    },
    {
      "repetition": 0,
      "r": 2,
      "sample_error": 0.047156965997763985,
      "sample_fluctuation": 0.046690330674935006,
      "expectation_bias": 0.010683097599941764,
      "eta_pair_sum": 0.4960000000000001,
      "pair_scale": 1.1162508678608047,
      "raw_total": 1.1813175345274713,
      "seed": 2025
    },
    {
      "repetition": 1,
      "r": 1,
      "sample_error": 0.2974680090366124,
      "sample_fluctuation": 0.22212064676217996,
      "expectation_bias": 0.17128910015273843,
      "eta_pair_sum": 2.6880000000000006,
      "pair_scale": 2.8679860529646937,
      "raw_total": 3.9090527196313607,
      "seed": 101019
    },
    {
      "repetition": 1,
      "r": 2,
      "sample_error": 0.06751504600487676,
      "sample_fluctuation": 0.06757676816872069,
      "expectation_bias": 0.010683097599941764,
      "eta_pair_sum": 0.4960000000000001,
      "pair_scale": 1.1162508678608047,
      "raw_total": 1.1813175345274713,
      "seed": 102028
    },
    {
      "repetition": 2,
      "r": 1,
      "sample_error": 0.22940995969513903,
      "sample_fluctuation": 0.2164040030052085,
      "expectation_bias": 0.17128910015273843,
      "eta_pair_sum": 2.6880000000000006,
      "pair_scale": 2.8679860529646937,
      "raw_total": 3.9090527196313607,
      "seed": 201022
    },
    {
      "repetition": 2,
      "r": 2,
      "sample_error": 0.05931119239280966,
      "sample_fluctuation": 0.05927267632574743,
      "expectation_bias": 0.010683097599941764,
      "eta_pair_sum": 0.4960000000000001,
      "pair_scale": 1.1162508678608047,
      "raw_total": 1.1813175345274713,
      "seed": 202031
    },
    {
      "repetition": 3,
      "r": 1,
      "sample_error": 0.265901331796443,
      "sample_fluctuation": 0.22378378392874546,
      "expectation_bias": 0.17128910015273843,
      "eta_pair_sum": 2.6880000000000006,
      "pair_scale": 2.8679860529646937,
      "raw_total": 3.9090527196313607,
      "seed": 301025
    },
    {
      "repetition": 3,
      "r": 2,
      "sample_error": 0.0560709372009529,
      "sample_fluctuation": 0.05632022330153695,
      "expectation_bias": 0.010683097599941764,
      "eta_pair_sum": 0.4960000000000001,
      "pair_scale": 1.1162508678608047,
      "raw_total": 1.1813175345274713,
      "seed": 302034
    },
    {
      "repetition": 4,
      "r": 1,
      "sample_error": 0.250114102139537,
      "sample_fluctuation": 0.24274229747420042,
      "expectation_bias": 0.17128910015273843,
      "eta_pair_sum": 2.6880000000000006,
      "pair_scale": 2.8679860529646937,
      "raw_total": 3.9090527196313607,
      "seed": 401028
    },
    {
      "repetition": 4,
      "r": 2,
      "sample_error": 0.05968159176611176,
      "sample_fluctuation": 0.05942524832079405,
      "expectation_bias": 0.010683097599941764,
      "eta_pair_sum": 0.4960000000000001,
      "pair_scale": 1.1162508678608047,
      "raw_total": 1.1813175345274713,
      "seed": 402037
    },
    {
      "repetition": 5,
      "r": 1,
      "sample_error": 0.2148914612335358,
      "sample_fluctuation": 0.19504546567349773,
      "expectation_bias": 0.17128910015273843,
      "eta_pair_sum": 2.6880000000000006,
      "pair_scale": 2.8679860529646937,
      "raw_total": 3.9090527196313607,
      "seed": 501031
    },
    {
      "repetition": 5,
      "r": 2,
      "sample_error": 0.042573269870966976,
      "sample_fluctuation": 0.043488444743550306,
      "expectation_bias": 0.010683097599941764,
      "eta_pair_sum": 0.4960000000000001,
      "pair_scale": 1.1162508678608047,
      "raw_total": 1.1813175345274713,
      "seed": 502040
    },
    {
      "repetition": 6,
      "r": 1,
      "sample_error": 0.28150865429060723,
      "sample_fluctuation": 0.22834989628563285,
      "expectation_bias": 0.17128910015273843,
      "eta_pair_sum": 2.6880000000000006,
      "pair_scale": 2.8679860529646937,
      "raw_total": 3.9090527196313607,
      "seed": 601034
    },
    {
      "repetition": 6,
      "r": 2,
      "sample_error": 0.050932329987605295,
      "sample_fluctuation": 0.05017891551695665,
      "expectation_bias": 0.010683097599941764,
      "eta_pair_sum": 0.4960000000000001,
      "pair_scale": 1.1162508678608047,
      "raw_total": 1.1813175345274713,
      "seed": 602043
    },
    {
      "repetition": 7,
      "r": 1,
      "sample_error": 0.2521515810283916,
      "sample_fluctuation": 0.20587895358547043,
      "expectation_bias": 0.17128910015273843,
      "eta_pair_sum": 2.6880000000000006,
      "pair_scale": 2.8679860529646937,
      "raw_total": 3.9090527196313607,
      "seed": 701037
    },
    {
      "repetition": 7,
      "r": 2,
      "sample_error": 0.06430229036466005,
      "sample_fluctuation": 0.06443311057002726,
      "expectation_bias": 0.010683097599941764,
      "eta_pair_sum": 0.4960000000000001,
      "pair_scale": 1.1162508678608047,
      "raw_total": 1.1813175345274713,
      "seed": 702046
    },
    {
      "repetition": 8,
      "r": 1,
      "sample_error": 0.25172495819578367,
      "sample_fluctuation": 0.22329505210361877,
      "expectation_bias": 0.17128910015273843,
      "eta_pair_sum": 2.6880000000000006,
      "pair_scale": 2.8679860529646937,
      "raw_total": 3.9090527196313607,
      "seed": 801040
    },
    {
      "repetition": 8,
      "r": 2,
      "sample_error": 0.05115205539231145,
      "sample_fluctuation": 0.04871916267019559,
      "expectation_bias": 0.010683097599941764,
      "eta_pair_sum": 0.4960000000000001,
      "pair_scale": 1.1162508678608047,
      "raw_total": 1.1813175345274713,
      "seed": 802049
    },
    {
      "repetition": 9,
      "r": 1,
      "sample_error": 0.2691543261802194,
      "sample_fluctuation": 0.22635761869222856,
      "expectation_bias": 0.17128910015273843,
      "eta_pair_sum": 2.6880000000000006,
      "pair_scale": 2.8679860529646937,
      "raw_total": 3.9090527196313607,
      "seed": 901043
    },
    {
      "repetition": 9,
      "r": 2,
      "sample_error": 0.04887771840100952,