{
  "script": "NCC_original_sampling_r.py",
  "params": {
    "N": 4,
    "J": 1.0,
    "h": 1.0,
    "T": 0.2,
    "epsilon": 0.04,
    "trials": 1000,
    "repeats": 10,
    "base_seed": 7,
    "r_max": 512
  },
  "sampled_r_mins": [
    3,
    3,
    3,
    3,
    3,
    3,
    3,
    3,
    3,
    3
  ],
  "expected_r_mins": [
    3,
    3,
    3,
    3,
    3,
    3,
    3,
    3,
    3,
    3
  ],
  "sample_errors": [
    0.019491445852009705,
    0.02277204511110076,
    0.019506056205070118,
    0.01773580097464763,
    0.02197697316882191,
    0.021357299294441343,
    0.02152654520074786,
    0.020219574179354542,
    0.020465037300212173,
    0.023137076954762824
  ],
  "expectation_biases": [
    0.012212444214351286,
    0.012212444214351286,
    0.012212444214351286,
    0.012212444214351286,
    0.012212444214351286,
    0.012212444214351286,
    0.012212444214351286,
    0.012212444214351286,
    0.012212444214351286,
    0.012212444214351286
  ],
  "sample_fluctuations": [
    0.01819238670426552,
    0.01916459351728571,
    0.019053104731009907,
    0.016302582138006214,
    0.019076304617844347,
    0.021103350208630724,
    0.016870476393150015,
    0.019779507028412392,
    0.019690511374439137,
    0.018871511169978948
  ],
  "ci_low_history": [
    3.0,
    3.0,
    3.0,
    3.0,
    3.0,
    3.0,
    3.0,
    3.0,
    3.0,
    3.0
  ],
  "ci_high_history": [
    3.0,
    3.0,
    3.0,
    3.0,
    3.0,
    3.0,
    3.0,
    3.0,
    3.0,
    3.0
  ],
  "evaluations": [
    {
      "repetition": 0,
      "r": 1,
      "sample_error": 0.35765014772469006,
      "sample_fluctuation": 0.1444732776306916,
      "expectation_bias": 0.32714389300598595,
      "t": 0.2,
      "eta_sum": 2.6880000000000006,
      "eta2": 1.2800000000000002,
      "eta3": 1.4080000000000004,
      "seed": 1016
    },
    {
      "repetition": 0,
      "r": 2,
      "sample_error": 0.05316647882719259,
      "sample_fluctuation": 0.036195665756024904,
      "expectation_bias": 0.041543170110627234,
      "t": 0.1,
      "eta_sum": 0.4960000000000001,
      "eta2": 0.32000000000000006,
      "eta3": 0.17600000000000005,
      "seed": 2025
    },
    {
      "repetition": 0,
      "r": 4,
      "sample_error": 0.012418469520983933,
      "sample_fluctuation": 0.011567305580693472,
      "expectation_bias": 0.00513660982543431,
      "t": 0.05,
      "eta_sum": 0.10200000000000002,
      "eta2": 0.08000000000000002,
      "eta3": 0.022000000000000006,
      "seed": 4043
    },
    {
      "repetition": 0,
      "r": 3,
      "sample_error": 0.019491445852009705,
      "sample_fluctuation": 0.01819238670426552,
      "expectation_bias": 0.012212444214351286,
      "t": 0.06666666666666667,
      "eta_sum": 0.19437037037037036,
      "eta2": 0.14222222222222222,
      "eta3": 0.052148148148148145,
      "seed": 3034
    },
    {
      "repetition": 1,
      "r": 1,
      "sample_error": 0.3285024510225274,
      "sample_fluctuation": 0.15070757998428472,
      "expectation_bias": 0.32714389300598595,
      "t": 0.2,
      "eta_sum": 2.6880000000000006,
      "eta2": 1.2800000000000002,
      "eta3": 1.4080000000000004,
      "seed": 101019
    },
    {
      "repetition": 1,
      "r": 2,
      "sample_error": 0.04470676339838083,
      "sample_fluctuation": 0.03725241244801809,
      "expectation_bias": 0.041543170110627234,
      "t": 0.1,
      "eta_sum": 0.4960000000000001,
      "eta2": 0.32000000000000006,
      "eta3": 0.17600000000000005,
      "seed": 102028
    },
    {
      "repetition": 1,
      "r": 4,
      "sample_error": 0.010948240328950965,
      "sample_fluctuation": 0.010899674658302497,
      "expectation_bias": 0.00513660982543431,
      "t": 0.05,
      "eta_sum": 0.10200000000000002,
      "eta2": 0.08000000000000002,
      "eta3": 0.022000000000000006,
      "seed": 104046
    },
    {
      "repetition": 1,
      "r": 3,
      "sample_error": 0.02277204511110076,
      "sample_fluctuation": 0.01916459351728571,
      "expectation_bias": 0.012212444214351286,
      "t": 0.06666666666666667,
      "eta_sum": 0.19437037037037036,
      "eta2": 0.14222222222222222,
      "eta3": 0.052148148148148145,
      "seed": 103037
    },
    {
      "repetition": 2,
      "r": 1,
      "sample_error": 0.3468177569963432,
      "sample_fluctuation": 0.14639970391445864,
      "expectation_bias": 0.32714389300598595,
      "t": 0.2,
      "eta_sum": 2.6880000000000006,
      "eta2": 1.2800000000000002,
      "eta3": 1.4080000000000004,
      "seed": 201022
    },
    {
      "repetition": 2,
      "r": 2,
      "sample_error": 0.052324681176082306,
      "sample_fluctuation": 0.039766329424087,
      "expectation_bias": 0.041543170110627234,
      "t": 0.1,
      "eta_sum": 0.4960000000000001,
      "eta2": 0.32000000000000006,
      "eta3": 0.17600000000000005,
      "seed": 202031
    },
    {
      "repetition": 2,
      "r": 4,
      "sample_error": 0.011930877520983612,
      "sample_fluctuation": 0.01191928397725563,
      "expectation_bias": 0.00513660982543431,
      "t": 0.05,
      "eta_sum": 0.10200000000000002,
      "eta2": 0.08000000000000002,
      "eta3": 0.022000000000000006,
      "seed": 204049
    },
    {
      "repetition": 2,
      "r": 3,
      "sample_error": 0.019506056205070118,
      "sample_fluctuation": 0.019053104731009907,
      "expectation_bias": 0.012212444214351286,
      "t": 0.06666666666666667,
      "eta_sum": 0.19437037037037036,
      "eta2": 0.14222222222222222,
      "eta3": 0.052148148148148145,
      "seed": 203040
    },
    {
      "repetition": 3,
      "r": 1,
      "sample_error": 0.361683047030202,
      "sample_fluctuation": 0.14191581917398485,
      "expectation_bias": 0.32714389300598595,
      "t": 0.2,
      "eta_sum": 2.6880000000000006,
      "eta2": 1.2800000000000002,
      "eta3": 1.4080000000000004,
      "seed": 301025
    },
    {
      "repetition": 3,
      "r": 2,
      "sample_error": 0.060082311815240395,
      "sample_fluctuation": 0.04326637868244728,
      "expectation_bias": 0.041543170110627234,
      "t": 0.1,
      "eta_sum": 0.4960000000000001,
      "eta2": 0.32000000000000006,
      "eta3": 0.17600000000000005,
      "seed": 302034
    },
    {
      "repetition": 3,
      "r": 4,
      "sample_error": 0.010700936808464658,
      "sample_fluctuation": 0.00938506451074489,
      "expectation_bias": 0.00513660982543431,
      "t": 0.05,
      "eta_sum": 0.10200000000000002,
      "eta2": 0.08000000000000002,
      "eta3": 0.022000000000000006,
      "seed": 304052
    },
    {
      "repetition": 3,
      "r": 3,
      "sample_error": 0.01773580097464763,
      "sample_fluctuation": 0.016302582138006214,
      "expectation_bias": 0.012212444214351286,
      "t": 0.06666666666666667,
      "eta_sum": 0.19437037037037036,
      "eta2": 0.14222222222222222,
      "eta3": 0.052148148148148145,
      "seed": 303043
    },
    {
      "repetition": 4,
      "r": 1,
      "sample_error": 0.3298006211342118,
      "sample_fluctuation": 0.14944649630307147,
      "expectation_bias": 0.32714389300598595,
      "t": 0.2,
      "eta_sum": 2.6880000000000006,
      "eta2": 1.2800000000000002,
      "eta3": 1.4080000000000004,
      "seed": 401028
    },
    {
      "repetition": 4,
      "r": 2,
      "sample_error": 0.05058515289696544,
      "sample_fluctuation": 0.03800279924545729,
      "expectation_bias": 0.041543170110627234,
      "t": 0.1,
      "eta_sum": 0.4960000000000001,
      "eta2": 0.32000000000000006,
      "eta3": 0.17600000000000005,
      "seed": 402037
    },
    {
      "repetition": 4,
      "r": 4,
      "sample_error": 0.012362570729016947,
      "sample_fluctuation": 0.012140206156051783,
      "expectation_bias": 0.00513660982543431,
      "t": 0.05,
      "eta_sum": 0.10200000000000002,
      "eta2": 0.08000000000000002,
      "eta3": 0.022000000000000006,
      "seed": 404055
    },
    {
      "repetition": 4,
      "r": 3,