{
  "script": "NCC_log_sampling_r.py",
  "params": {
    "N": 4,
    "J": 1.0,
    "h": 1.0,
    "Heisenberg": true,
    "T": 0.2,
    "epsilon": 0.02,
    "trials": 1000,
    "repeats": 10,
    "base_seed": 7,
    "r_max": 512,
    "sampling": "weighted",
    "s0": 6,
    "q_0": 7
  },
  "sampled_r_mins": [
    4,
    4,
    4,
    4,
    4,
    4,
    4,
    4,
    4,
    4
  ],
  "expected_r_mins": [
    2,
    2,
    2,
    2,
    2,
    2,
    2,
    2,
    2,
    2
  ],
  "sample_errors": [
    0.01361195533623893,
    0.012964877299665835,
    0.01184446567566605,
    0.012108376634428744,
    0.01508791577087049,
    0.018594410809931388,
    0.013678547323123192,
    0.013340327652198633,
    0.015017471181879266,
    0.012934932202514416
  ],
  "expectation_biases": [
    6.677860795750709e-06,
    6.677860795750709e-06,
    6.677860795750709e-06,
    6.677860795750709e-06,
    6.677860795750709e-06,
    6.677860795750709e-06,
    6.677860795750709e-06,
    6.677860795750709e-06,
    6.677860795750709e-06,
    6.677860795750709e-06
  ],
  "sample_fluctuations": [
    0.013611526946210688,
    0.012965454523636025,
    0.011844420980736507,
    0.012107583102847244,
    0.015087976153982248,
    0.018594400514443676,
    0.013678848536983134,
    0.013339835128457996,
    0.015017730195560264,
    0.01293495560626326
  ],
  "ci_low_history": [
    4.0,
    4.0,
    4.0,
    4.0,
    4.0,
    4.0,
    4.0,
    4.0,
    4.0,
    4.0
  ],
  "ci_high_history": [
    4.0,
    4.0,
    4.0,
    4.0,
    4.0,
    4.0,
    4.0,
    4.0,
    4.0,
    4.0
  ],
  "evaluations": [
    {
      "repetition": 0,
      "r": 1,
      "sample_error": 0.23650612140748012,
      "sample_fluctuation": 0.23635116089736555,
      "expectation_bias": 0.028367917049130043,
      "eta_pair_sum": 2.6880000000000006,
      "pair_scale": 2.8679860529646937,
      "raw_total": 4.622234586298028,
      "seed": 1016
    },
    {
      "repetition": 0,
      "r": 2,
      "sample_error": 0.04604363283620093,
      "sample_fluctuation": 0.04604921223067748,
      "expectation_bias": 0.00043340584915492833,
      "eta_pair_sum": 0.4960000000000001,
      "pair_scale": 1.1162508678608047,
      "raw_total": 1.2001143345274712,
      "seed": 2025
    },
    {
      "repetition": 0,
      "r": 4,
      "sample_error": 0.01361195533623893,
      "sample_fluctuation": 0.013611526946210688,
      "expectation_bias": 6.677860795750709e-06,
      "eta_pair_sum": 0.10200000000000002,
      "pair_scale": 1.0051885395287792,
      "raw_total": 1.0097880728621125,
      "seed": 4043
    },
    {
      "repetition": 0,
      "r": 3,
      "sample_error": 0.021988141904600106,
      "sample_fluctuation": 0.02198819959257216,
      "expectation_bias": 3.767262470320167e-05,
      "eta_pair_sum": 0.19437037037037036,
      "pair_scale": 1.0187147985957183,
      "raw_total": 1.0338895702463813,
      "seed": 3034
    },
    {
      "repetition": 1,
      "r": 1,
      "sample_error": 0.28612062257974313,
      "sample_fluctuation": 0.2892088307331085,
      "expectation_bias": 0.028367917049130043,
      "eta_pair_sum": 2.6880000000000006,
      "pair_scale": 2.8679860529646937,
      "raw_total": 4.622234586298028,
      "seed": 101019
    },
    {
      "repetition": 1,
      "r": 2,
      "sample_error": 0.07038389261226709,
      "sample_fluctuation": 0.07038625365735397,
      "expectation_bias": 0.00043340584915492833,
      "eta_pair_sum": 0.4960000000000001,
      "pair_scale": 1.1162508678608047,
      "raw_total": 1.2001143345274712,
      "seed": 102028
    },
    {
      "repetition": 1,
      "r": 4,
      "sample_error": 0.012964877299665835,
      "sample_fluctuation": 0.012965454523636025,
      "expectation_bias": 6.677860795750709e-06,
      "eta_pair_sum": 0.10200000000000002,
      "pair_scale": 1.0051885395287792,
      "raw_total": 1.0097880728621125,
      "seed": 104046
    },
    {
      "repetition": 1,
      "r": 3,
      "sample_error": 0.0269597140176791,
      "sample_fluctuation": 0.026958641210964793,
      "expectation_bias": 3.767262470320167e-05,
      "eta_pair_sum": 0.19437037037037036,
      "pair_scale": 1.0187147985957183,
      "raw_total": 1.0338895702463813,
      "seed": 103037
    },
    {
      "repetition": 2,
      "r": 1,
      "sample_error": 0.26198277882556414,
      "sample_fluctuation": 0.26213344346356193,
      "expectation_bias": 0.028367917049130043,
      "eta_pair_sum": 2.6880000000000006,
      "pair_scale": 2.8679860529646937,
      "raw_total": 4.622234586298028,
      "seed": 201022
    },
    {
      "repetition": 2,
      "r": 2,
      "sample_error": 0.0576216041203034,
      "sample_fluctuation": 0.05762201335693785,
      "expectation_bias": 0.00043340584915492833,
      "eta_pair_sum": 0.4960000000000001,
      "pair_scale": 1.1162508678608047,
      "raw_total": 1.2001143345274712,
      "seed": 202031
    },
    {
      "repetition": 2,
      "r": 4,
      "sample_error": 0.01184446567566605,
      "sample_fluctuation": 0.011844420980736507,
      "expectation_bias": 6.677860795750709e-06,
      "eta_pair_sum": 0.10200000000000002,
      "pair_scale": 1.0051885395287792,
      "raw_total": 1.0097880728621125,
      "seed": 204049
    },
    {
      "repetition": 2,
      "r": 3,
      "sample_error": 0.024950938159288963,
      "sample_fluctuation": 0.024953773793573206,
      "expectation_bias": 3.767262470320167e-05,
      "eta_pair_sum": 0.19437037037037036,
      "pair_scale": 1.0187147985957183,
      "raw_total": 1.0338895702463813,
      "seed": 203040
    },
    {
      "repetition": 3,
      "r": 1,
      "sample_error": 0.2499468202729517,
      "sample_fluctuation": 0.25053926374054497,
      "expectation_bias": 0.028367917049130043,
      "eta_pair_sum": 2.6880000000000006,
      "pair_scale": 2.8679860529646937,
      "raw_total": 4.622234586298028,
      "seed": 301025
    },
    {
      "repetition": 3,
      "r": 2,
      "sample_error": 0.059686525438383035,
      "sample_fluctuation": 0.05964757699508436,
      "expectation_bias": 0.00043340584915492833,
      "eta_pair_sum": 0.4960000000000001,
      "pair_scale": 1.1162508678608047,
      "raw_total": 1.2001143345274712,
      "seed": 302034
    },
    {
      "repetition": 3,
      "r": 4,
      "sample_error": 0.012108376634428744,
      "sample_fluctuation": 0.012107583102847244,
      "expectation_bias": 6.677860795750709e-06,
      "eta_pair_sum": 0.10200000000000002,
      "pair_scale": 1.0051885395287792,
      "raw_total": 1.0097880728621125,
      "seed": 304052
    },
    {
      "repetition": 3,
      "r": 3,
      "sample_error": 0.025861711689286093,
      "sample_fluctuation": 0.025872819731979538,
      "expectation_bias": 3.767262470320167e-05,
      "eta_pair_sum": 0.19437037037037036,
      "pair_scale": 1.0187147985957183,
      "raw_total": 1.0338895702463813,
      "seed": 303043
    },
    {
      "repetition": 4,
      "r": 1,
      "sample_error": 0.2525626600518877,
      "sample_fluctuation": 0.25384031882276625,
      "expectation_bias": 0.028367917049130043,
      "eta_pair_sum": 2.6880000000000006,
      "pair_scale": 2.8679860529646937,
      "raw_total": 4.622234586298028,
      "seed": 401028
    },
    {
      "repetition": 4,
      "r": 2,
      "sample_error": 0.062339276226144255,
      "sample_fluctuation": 0.062340568618307564,
      "expectation_bias": 0.00043340584915492833,
      "eta_pair_sum": 0.4960000000000001,
      "pair_scale": 1.1162508678608047,
      "raw_total": 1.2001143345274712,
      "seed": 402037
    },
    {
      "repetition": 4,
      "r": 4,
      "sample_error": 0.01508791577087049,
      "sample_fluctuation": 0.015087976153982248,
      "expectation_bias": 6.677860795750709e-06,
      "eta_pair_sum": 0.10200000000000002,
      "pair_scale": 1.0051885395287792,
      "raw_total": 1.0097880728621125,
      "seed": 404055
    },
    {
      "repetition": 4,
      "r": 3,